Count,Fileid,Sex,Birth place,L1,L3,Age,L2Onset,StayOfPurpose,EngResidence,LOR,Target,Filename,Recognized,LenS,LenR,N_RecW,RecRate,Recognized_words,MissRec_words
1,3,Female,Seoul,korean ,spanish,19,17,academic,usa,0.6,"Please call Stella.  Ask her to bring these things with her from the store:  Six spoons of fresh snow peas, five thick slabs of blue cheese, and maybe a snack for her brother Bob.  We also need a small plastic snake and a big toy frog for the kids.  She can scoop these things into three red bags, and we will go meet her Wednesday at the train station.",korean3.mp3,"Please call Stella. Ask her to bring this thing with her from the store. 6 spoons of fresh snow peas, 5 sticks left of blue cheese, and maybe a snake for her brother Bob. We also need a small plastic snake and a big toy frog for the kids. She can scoop these things into 3 red bags and we will go meet her when I stay at the train station.",69,71,61,88.41,"please, call, stella, ask, her, to, bring, with, her, from, the, store, spoons, of, fresh, snow, peas, of, blue, cheese, and, maybe, a, snake, for, her, brother, bob, we, also, need, a, small, plastic, snake, and, a, big, toy, frog, for, the, kids, she, can, scoop, these, things, into, red, bags, and, we, will, go, meet, her, at, the, train, station","this, thing, 6, 5, sticks, left, 3, when, i, stay"
2,4,Female,Seoul,korean ,none,29,15,academic,usa,2.0,"Please call Stella.  Ask her to bring these things with her from the store:  Six spoons of fresh snow peas, five thick slabs of blue cheese, and maybe a snack for her brother Bob.  We also need a small plastic snake and a big toy frog for the kids.  She can scoop these things into three red bags, and we will go meet her Wednesday at the train station.",korean4.mp3,"Please call Stella. Ask her to bring these things with her from the store. Six spoons of fresh snow peas, five thick slabs of blue cheese, and maybe a snack for her brother Bob. We also need a small plastic snake and a big toy frog for the kids. She can scoop these things into three red bags and we will go meet her Wednesday at the train station.",69,69,69,100.0,"please, call, stella, ask, her, to, bring, these, things, with, her, from, the, store, six, spoons, of, fresh, snow, peas, five, thick, slabs, of, blue, cheese, and, maybe, a, snack, for, her, brother, bob, we, also, need, a, small, plastic, snake, and, a, big, toy, frog, for, the, kids, she, can, scoop, these, things, into, three, red, bags, and, we, will, go, meet, her, wednesday, at, the, train, station",
3,5,Female,Seoul,korean ,none,50,12,academic,usa,23.0,"Please call Stella.  Ask her to bring these things with her from the store:  Six spoons of fresh snow peas, five thick slabs of blue cheese, and maybe a snack for her brother Bob.  We also need a small plastic snake and a big toy frog for the kids.  She can scoop these things into three red bags, and we will go meet her Wednesday at the train station.",korean5.mp3,"Please call Stella. Ask her to bring these things with her from the store. 6 spoons of fresh snow peas, 5 thick slabs of blue cheese, and maybe a snake of her brother Bob. We also need a small plastic snake and a big toy frog for the kids. She can scoop these things into three red bags, and we will go meet her Wednesday at the train station.",69,69,67,97.1,"please, call, stella, ask, her, to, bring, these, things, with, her, from, the, store, spoons, of, fresh, snow, peas, thick, slabs, of, blue, cheese, and, maybe, a, snake, of, her, brother, bob, we, also, need, a, small, plastic, snake, and, a, big, toy, frog, for, the, kids, she, can, scoop, these, things, into, three, red, bags, and, we, will, go, meet, her, wednesday, at, the, train, station","6, 5"
4,8,Female,Seoul,korean ,none,39,13,academic,usa,10.0,"Please call Stella.  Ask her to bring these things with her from the store:  Six spoons of fresh snow peas, five thick slabs of blue cheese, and maybe a snack for her brother Bob.  We also need a small plastic snake and a big toy frog for the kids.  She can scoop these things into three red bags, and we will go meet her Wednesday at the train station.",korean8.mp3,Please call Stella. Ask her to bring these things with her from the store. Six spoons of fresh snow peas. Five thick slabs of blue cheese. And maybe a snack for her brother Bob. We also need a small plastic snack and a big toy frog for the kids. She can scoop these things into three red bags and we will go meet her Wednesday at the train station.,69,69,69,100.0,"please, call, stella, ask, her, to, bring, these, things, with, her, from, the, store, six, spoons, of, fresh, snow, peas, five, thick, slabs, of, blue, cheese, and, maybe, a, snack, for, her, brother, bob, we, also, need, a, small, plastic, snack, and, a, big, toy, frog, for, the, kids, she, can, scoop, these, things, into, three, red, bags, and, we, will, go, meet, her, wednesday, at, the, train, station",
5,19,Female,Seoul,korean ,none,21,14,academic,usa,0.9,"Please call Stella.  Ask her to bring these things with her from the store:  Six spoons of fresh snow peas, five thick slabs of blue cheese, and maybe a snack for her brother Bob.  We also need a small plastic snake and a big toy frog for the kids.  She can scoop these things into three red bags, and we will go meet her Wednesday at the train station.",korean19.mp3,"Please call Stella, ask her to bring these things with her from the store. 6 spoons of fresh snow peas, 5 thick slabs of blue cheese, and maybe a snack for her brother Bob. We also need a small plastic snack and a big toy frog for the kids. She can scoop these things into three red bags and we will go meet her Wednesday at the train station.",69,69,67,97.1,"please, call, stella, ask, her, to, bring, these, things, with, her, from, the, store, spoons, of, fresh, snow, peas, thick, slabs, of, blue, cheese, and, maybe, a, snack, for, her, brother, bob, we, also, need, a, small, plastic, snack, and, a, big, toy, frog, for, the, kids, she, can, scoop, these, things, into, three, red, bags, and, we, will, go, meet, her, wednesday, at, the, train, station","6, 5"
6,20,Female,Gyonggi,korean ,none,58,13,academic,usa,38.0,"Please call Stella.  Ask her to bring these things with her from the store:  Six spoons of fresh snow peas, five thick slabs of blue cheese, and maybe a snack for her brother Bob.  We also need a small plastic snake and a big toy frog for the kids.  She can scoop these things into three red bags, and we will go meet her Wednesday at the train station.",korean20.mp3,"Please call Stella. Ask her to bring these things with her from the store. 6 spoons of fresh snow peas, 5 thick slabs of blue cheese, and maybe a snack for her brother Bob. We also need a small plastic snake and a big toy frog for the kids. She can scoop these things into 3 red bags and we will go meet her Wednesday at the train station.",69,69,66,95.65,"please, call, stella, ask, her, to, bring, these, things, with, her, from, the, store, spoons, of, fresh, snow, peas, thick, slabs, of, blue, cheese, and, maybe, a, snack, for, her, brother, bob, we, also, need, a, small, plastic, snake, and, a, big, toy, frog, for, the, kids, she, can, scoop, these, things, into, red, bags, and, we, will, go, meet, her, wednesday, at, the, train, station","6, 5, 3"
7,22,Female,Gyonggi,korean ,french,19,8,academic,usa,0.0,"Please call Stella.  Ask her to bring these things with her from the store:  Six spoons of fresh snow peas, five thick slabs of blue cheese, and maybe a snack for her brother Bob.  We also need a small plastic snake and a big toy frog for the kids.  She can scoop these things into three red bags, and we will go meet her Wednesday at the train station.",korean22.mp3,"Please call Stella. Ask her to bring the things with her from the store. Six spoons of fresh snow peas, five thick slabs of blue cheese, and maybe a snack for her brother Bob. We also need a small plastic snake and a big toy frog for the kids. She could scoop the things into three red bags and will go meet her Wednesday at the train station.",69,68,67,97.1,"please, call, stella, ask, her, to, bring, the, things, with, her, from, the, store, six, spoons, of, fresh, snow, peas, five, thick, slabs, of, blue, cheese, and, maybe, a, snack, for, her, brother, bob, we, also, need, a, small, plastic, snake, and, a, big, toy, frog, for, the, kids, she, scoop, the, things, into, three, red, bags, and, will, go, meet, her, wednesday, at, the, train, station",could
8,23,Female,Seoul,korean ,japanese,49,12,academic,usa,5.0,"Please call Stella.  Ask her to bring these things with her from the store:  Six spoons of fresh snow peas, five thick slabs of blue cheese, and maybe a snack for her brother Bob.  We also need a small plastic snake and a big toy frog for the kids.  She can scoop these things into three red bags, and we will go meet her Wednesday at the train station.",korean23.mp3,"Please call Stella, ask her to bring these things with her from the store. 6 spoons of fresh snow peas, 5 thick slabs of blue cheese and maybe a snack for her brother Bob. We also need a small plastic snake and a big toy frog for the kids. She can scoop these things into three red bags and will go meet her Wednesday at the train station.",69,68,66,95.65,"please, call, stella, ask, her, to, bring, these, things, with, her, from, the, store, spoons, of, fresh, snow, peas, thick, slabs, of, blue, cheese, and, maybe, a, snack, for, her, brother, bob, we, also, need, a, small, plastic, snake, and, a, big, toy, frog, for, the, kids, she, can, scoop, these, things, into, three, red, bags, and, will, go, meet, her, wednesday, at, the, train, station","6, 5"
9,25,Female,Gyonggi,korean ,japanese,34,12,academic,usa,6.0,"Please call Stella.  Ask her to bring these things with her from the store:  Six spoons of fresh snow peas, five thick slabs of blue cheese, and maybe a snack for her brother Bob.  We also need a small plastic snake and a big toy frog for the kids.  She can scoop these things into three red bags, and we will go meet her Wednesday at the train station.",korean25.mp3,"Please call Stella, ask her to bring these things with her from the store. 6 spoons of fresh snow peas, 5 thick slabs of blue cheese and maybe a snack for her brother Bob. We also need a small plastic snake and a big toy frog for the kids. She can scoop these things into three red bags and we will go meet her Wednesday at the train station.",69,69,67,97.1,"please, call, stella, ask, her, to, bring, these, things, with, her, from, the, store, spoons, of, fresh, snow, peas, thick, slabs, of, blue, cheese, and, maybe, a, snack, for, her, brother, bob, we, also, need, a, small, plastic, snake, and, a, big, toy, frog, for, the, kids, she, can, scoop, these, things, into, three, red, bags, and, we, will, go, meet, her, wednesday, at, the, train, station","6, 5"
10,28,Female,Seoul,korean ,spanish,62,13,academic,usa,17.0,"Please call Stella.  Ask her to bring these things with her from the store:  Six spoons of fresh snow peas, five thick slabs of blue cheese, and maybe a snack for her brother Bob.  We also need a small plastic snake and a big toy frog for the kids.  She can scoop these things into three red bags, and we will go meet her Wednesday at the train station.",korean28.mp3,"Please call Stella, ask her to bring these things with her from the store. Six spoons of fresh snow peas, five servings of blue cheese, and maybe a snack for her brother Bob. We also need a small plastic snack and a big toy frog for the kids. She can scope these things into their red bag and we'll go meet her Wednesday at the train station.",69,68,63,91.3,"please, call, stella, ask, her, to, bring, these, things, with, her, from, the, store, six, spoons, of, fresh, snow, peas, five, of, blue, cheese, and, maybe, a, snack, for, her, brother, bob, we, also, need, a, small, plastic, snack, and, a, big, toy, frog, for, the, kids, she, can, these, things, into, red, and, we, go, meet, her, wednesday, at, the, train, station","servings, scope, their, bag, ll"
11,30,Female,Seoul,korean ,none,49,14,academic,usa,26.0,"Please call Stella.  Ask her to bring these things with her from the store:  Six spoons of fresh snow peas, five thick slabs of blue cheese, and maybe a snack for her brother Bob.  We also need a small plastic snake and a big toy frog for the kids.  She can scoop these things into three red bags, and we will go meet her Wednesday at the train station.",korean30.mp3,"Please call Stella. Ask her to bring these things with her from the store. 6 spoons of fresh snow peas, 5 thick slab of blue cheese, and maybe a snack for her brother Bob. We also need a small plastic snack and a big toy frog for the kids. She can scoop these things into three red bags, and we will go meet her Wednesday at the train station.",69,69,66,95.65,"please, call, stella, ask, her, to, bring, these, things, with, her, from, the, store, spoons, of, fresh, snow, peas, thick, of, blue, cheese, and, maybe, a, snack, for, her, brother, bob, we, also, need, a, small, plastic, snack, and, a, big, toy, frog, for, the, kids, she, can, scoop, these, things, into, three, red, bags, and, we, will, go, meet, her, wednesday, at, the, train, station","6, 5, slab"
12,31,Female,Seoul,korean ,none,18,7,academic,usa,2.0,"Please call Stella.  Ask her to bring these things with her from the store:  Six spoons of fresh snow peas, five thick slabs of blue cheese, and maybe a snack for her brother Bob.  We also need a small plastic snake and a big toy frog for the kids.  She can scoop these things into three red bags, and we will go meet her Wednesday at the train station.",korean31.mp3,"Please call Stella. Ask her to bring these things with her from the store. Six spoons of fresh snow peas, five thick slabs of blue cheese, and maybe a snack for her brother Bob. We also need a small plastic snake and a big toy frog for the kids. She can scoop these things into three red bags and we will go meet her Wednesday at the train station.",69,69,69,100.0,"please, call, stella, ask, her, to, bring, these, things, with, her, from, the, store, six, spoons, of, fresh, snow, peas, five, thick, slabs, of, blue, cheese, and, maybe, a, snack, for, her, brother, bob, we, also, need, a, small, plastic, snake, and, a, big, toy, frog, for, the, kids, she, can, scoop, these, things, into, three, red, bags, and, we, will, go, meet, her, wednesday, at, the, train, station",
13,32,Female,Seoul,korean ,none,35,28,naturalistic,usa,7.0,"Please call Stella.  Ask her to bring these things with her from the store:  Six spoons of fresh snow peas, five thick slabs of blue cheese, and maybe a snack for her brother Bob.  We also need a small plastic snake and a big toy frog for the kids.  She can scoop these things into three red bags, and we will go meet her Wednesday at the train station.",korean32.mp3,"Please call Stella, ask her to bring these things with her from the store. 6 spoons of fresh snow peas, 5 thick slabs of blue cheese, and maybe a snack for her brother Bob. We also need a small plastic snack and a big toy frog for the kid. She can scoop these things into three red bags. And we will go meet her Wednesday at the train station.",69,69,66,95.65,"please, call, stella, ask, her, to, bring, these, things, with, her, from, the, store, spoons, of, fresh, snow, peas, thick, slabs, of, blue, cheese, and, maybe, a, snack, for, her, brother, bob, we, also, need, a, small, plastic, snack, and, a, big, toy, frog, for, the, she, can, scoop, these, things, into, three, red, bags, and, we, will, go, meet, her, wednesday, at, the, train, station","6, 5, kid"
14,33,Female,Gyonggi,korean ,japanese,30,13,academic,usa,2.0,"Please call Stella.  Ask her to bring these things with her from the store:  Six spoons of fresh snow peas, five thick slabs of blue cheese, and maybe a snack for her brother Bob.  We also need a small plastic snake and a big toy frog for the kids.  She can scoop these things into three red bags, and we will go meet her Wednesday at the train station.",korean33.mp3,"Please call Stella. Ask her to bring these things with her from the store. Six spoons of fresh snow peas, five thick slices of blue cheese and maybe a snack for her brother Bob. We also need a small plastic snake and a big toy frog for the kids. She can scoop these things into three rad bags. We'll go meet her Wednesday at the train station.",69,68,65,94.2,"please, call, stella, ask, her, to, bring, these, things, with, her, from, the, store, six, spoons, of, fresh, snow, peas, five, thick, of, blue, cheese, and, maybe, a, snack, for, her, brother, bob, we, also, need, a, small, plastic, snake, and, a, big, toy, frog, for, the, kids, she, can, scoop, these, things, into, three, bags, we, go, meet, her, wednesday, at, the, train, station","slices, rad, ll"
15,34,Female,Seoul,korean ,japanese,20,11,academic,usa,6.0,"Please call Stella.  Ask her to bring these things with her from the store:  Six spoons of fresh snow peas, five thick slabs of blue cheese, and maybe a snack for her brother Bob.  We also need a small plastic snake and a big toy frog for the kids.  She can scoop these things into three red bags, and we will go meet her Wednesday at the train station.",korean34.mp3,"Please call Stella. Ask her to bring these things with her from the store. Six spoons of fresh snow peas, five thick slabs of blue cheese, and maybe a snack for her brother Bob. We also need a small plastic snake and a big toy frog for the kids. She can scoop these things into three red bags and we go meet her Wednesday at the train station.",69,68,68,98.55,"please, call, stella, ask, her, to, bring, these, things, with, her, from, the, store, six, spoons, of, fresh, snow, peas, five, thick, slabs, of, blue, cheese, and, maybe, a, snack, for, her, brother, bob, we, also, need, a, small, plastic, snake, and, a, big, toy, frog, for, the, kids, she, can, scoop, these, things, into, three, red, bags, and, we, go, meet, her, wednesday, at, the, train, station",
16,37,Female,Seoul,korean ,none,27,14,academic,usa,13.0,"Please call Stella.  Ask her to bring these things with her from the store:  Six spoons of fresh snow peas, five thick slabs of blue cheese, and maybe a snack for her brother Bob.  We also need a small plastic snake and a big toy frog for the kids.  She can scoop these things into three red bags, and we will go meet her Wednesday at the train station.",korean37.mp3,"Please call Stella, ask her to bring these things with her from the store. Six spoons of fresh snow peas, five thick slabs of blue cheese, and maybe a snack for her brother Bob. We also need a small plastic snake and a big toy frog for the kids. She can scoop these things into three red bags and we will go meet her Wednesday at the train station.",69,69,69,100.0,"please, call, stella, ask, her, to, bring, these, things, with, her, from, the, store, six, spoons, of, fresh, snow, peas, five, thick, slabs, of, blue, cheese, and, maybe, a, snack, for, her, brother, bob, we, also, need, a, small, plastic, snake, and, a, big, toy, frog, for, the, kids, she, can, scoop, these, things, into, three, red, bags, and, we, will, go, meet, her, wednesday, at, the, train, station",
17,40,Female,Seoul,korean ,chinese,21,17,academic,usa,2.0,"Please call Stella.  Ask her to bring these things with her from the store:  Six spoons of fresh snow peas, five thick slabs of blue cheese, and maybe a snack for her brother Bob.  We also need a small plastic snake and a big toy frog for the kids.  She can scoop these things into three red bags, and we will go meet her Wednesday at the train station.",korean40.mp3,"Please call Stella. Ask her to bring these things we're from the store. Six spoons of fresh snow peas, five thick slabs of blue cheese, and maybe a snack for her brother Bob. We also need a small plastic snake and a big toy frog for the kids. She can scoop these things into three red bags and we will go meet her Wednesday at the train station.",69,69,68,98.55,"please, call, stella, ask, her, to, bring, these, things, we, from, the, store, six, spoons, of, fresh, snow, peas, five, thick, slabs, of, blue, cheese, and, maybe, a, snack, for, her, brother, bob, we, also, need, a, small, plastic, snake, and, a, big, toy, frog, for, the, kids, she, can, scoop, these, things, into, three, red, bags, and, we, will, go, meet, her, wednesday, at, the, train, station",re
18,41,Female,Seoul,korean ,none,50,12,academic,usa,9.0,"Please call Stella.  Ask her to bring these things with her from the store:  Six spoons of fresh snow peas, five thick slabs of blue cheese, and maybe a snack for her brother Bob.  We also need a small plastic snake and a big toy frog for the kids.  She can scoop these things into three red bags, and we will go meet her Wednesday at the train station.",korean41.mp3,"Please call Stella and ask her to bring these things with her from the store. Six spoons of fresh snow peas, five thick slabs of blue cheese, and maybe a snack for her brother Bob. We also need a small plastic snack and a big toy frog for the kids. She can scoop these things into three red bags and we will go meet her Wednesday at the train station.",69,70,70,101.45,"please, call, stella, and, ask, her, to, bring, these, things, with, her, from, the, store, six, spoons, of, fresh, snow, peas, five, thick, slabs, of, blue, cheese, and, maybe, a, snack, for, her, brother, bob, we, also, need, a, small, plastic, snack, and, a, big, toy, frog, for, the, kids, she, can, scoop, these, things, into, three, red, bags, and, we, will, go, meet, her, wednesday, at, the, train, station",
19,46,Female,Seoul,korean ,japanese,21,21,academic,usa,0.3,"Please call Stella.  Ask her to bring these things with her from the store:  Six spoons of fresh snow peas, five thick slabs of blue cheese, and maybe a snack for her brother Bob.  We also need a small plastic snake and a big toy frog for the kids.  She can scoop these things into three red bags, and we will go meet her Wednesday at the train station.",korean46.mp3,"Please call Stella. Ask her to bring these things with her from the store. 6 spoons of fresh snow peas, 5-6 slaves of blue cheese, and maybe a snack for her brother Bob. We also need a small plastic snake and a big toy frog for the kids. She can scoop these things into 3 red bags and we will go meet her Wednesday at the train station.",69,69,64,92.75,"please, call, stella, ask, her, to, bring, these, things, with, her, from, the, store, spoons, of, fresh, snow, peas, of, blue, cheese, and, maybe, a, snack, for, her, brother, bob, we, also, need, a, small, plastic, snake, and, a, big, toy, frog, for, the, kids, she, can, scoop, these, things, into, red, bags, and, we, will, go, meet, her, wednesday, at, the, train, station","6, 5, 6, slaves, 3"
20,53,Female,Seoul,korean ,spanish,25,9,academic,usa,16.0,"Please call Stella.  Ask her to bring these things with her from the store:  Six spoons of fresh snow peas, five thick slabs of blue cheese, and maybe a snack for her brother Bob.  We also need a small plastic snake and a big toy frog for the kids.  She can scoop these things into three red bags, and we will go meet her Wednesday at the train station.",korean53.mp3,"Please call Stella. Ask her to bring these things with her from the store. Six spoons of fresh snow peas, five thick slabs of blue cheese, and maybe a snack of her brother Bob. We also need a small plastic snake and a big toy frog with the kids. She can scoop these things into three red bags and we will go meet her Wednesday at the train station.",69,69,69,100.0,"please, call, stella, ask, her, to, bring, these, things, with, her, from, the, store, six, spoons, of, fresh, snow, peas, five, thick, slabs, of, blue, cheese, and, maybe, a, snack, of, her, brother, bob, we, also, need, a, small, plastic, snake, and, a, big, toy, frog, with, the, kids, she, can, scoop, these, things, into, three, red, bags, and, we, will, go, meet, her, wednesday, at, the, train, station",
21,56,Female,Seoul,korean ,tagalog,20,7,naturalistic,usa,3.0,"Please call Stella.  Ask her to bring these things with her from the store:  Six spoons of fresh snow peas, five thick slabs of blue cheese, and maybe a snack for her brother Bob.  We also need a small plastic snake and a big toy frog for the kids.  She can scoop these things into three red bags, and we will go meet her Wednesday at the train station.",korean56.mp3,"Please call Stella. Ask her to bring these things with her from the store. Six spoons of fresh snow peas, five thick slabs of blue cheese, and maybe a snack for her brother Bob. We also need a small plastic snake and a big toy frog for the kids. She can scoop these things into three red bags and we will go meet her Wednesday at the train station.",69,69,69,100.0,"please, call, stella, ask, her, to, bring, these, things, with, her, from, the, store, six, spoons, of, fresh, snow, peas, five, thick, slabs, of, blue, cheese, and, maybe, a, snack, for, her, brother, bob, we, also, need, a, small, plastic, snake, and, a, big, toy, frog, for, the, kids, she, can, scoop, these, things, into, three, red, bags, and, we, will, go, meet, her, wednesday, at, the, train, station",
22,58,Female,Seoul,korean ,japanese,22,11,academic,usa,6.0,"Please call Stella.  Ask her to bring these things with her from the store:  Six spoons of fresh snow peas, five thick slabs of blue cheese, and maybe a snack for her brother Bob.  We also need a small plastic snake and a big toy frog for the kids.  She can scoop these things into three red bags, and we will go meet her Wednesday at the train station.",korean58.mp3,"Please call Stella. Ask her to bring these things with her from the store. Six spoons of fresh snow peas, five thick slabs of blue cheese, and maybe a snack for her brother Bob. We also need a small plastic snake and a big toy frog for the kids. She can scoop these things into three bread bags and we'll go meet her Wednesday at the train station.",69,69,67,97.1,"please, call, stella, ask, her, to, bring, these, things, with, her, from, the, store, six, spoons, of, fresh, snow, peas, five, thick, slabs, of, blue, cheese, and, maybe, a, snack, for, her, brother, bob, we, also, need, a, small, plastic, snake, and, a, big, toy, frog, for, the, kids, she, can, scoop, these, things, into, three, bags, and, we, go, meet, her, wednesday, at, the, train, station","bread, ll"
23,59,Female,Seoul,korean ,none,37,12,academic,usa,0.2,"Please call Stella.  Ask her to bring these things with her from the store:  Six spoons of fresh snow peas, five thick slabs of blue cheese, and maybe a snack for her brother Bob.  We also need a small plastic snake and a big toy frog for the kids.  She can scoop these things into three red bags, and we will go meet her Wednesday at the train station.",korean59.mp3,"Please call Stella, ask her to bring these things with her from the store, six spoons of fresh snow peas, five thick slabs of blue cheese, and maybe a snack for her brother Bob. We also need a small plastic snack and a big toy frog for the kids. She can scoop these things into three red bags and we will go meet her Wednesday at the train station.",69,69,69,100.0,"please, call, stella, ask, her, to, bring, these, things, with, her, from, the, store, six, spoons, of, fresh, snow, peas, five, thick, slabs, of, blue, cheese, and, maybe, a, snack, for, her, brother, bob, we, also, need, a, small, plastic, snack, and, a, big, toy, frog, for, the, kids, she, can, scoop, these, things, into, three, red, bags, and, we, will, go, meet, her, wednesday, at, the, train, station",
24,66,Female,Seoul,korean ,french,21,5,academic,usa,0.1,"Please call Stella.  Ask her to bring these things with her from the store:  Six spoons of fresh snow peas, five thick slabs of blue cheese, and maybe a snack for her brother Bob.  We also need a small plastic snake and a big toy frog for the kids.  She can scoop these things into three red bags, and we will go meet her Wednesday at the train station.",korean66.mp3,"Please call Stella. Ask her to bring these things with her from the store. Six spoons of fresh snow peas, five thick slabs of blue cheese, and maybe a snack for her brother Bob. We also need a small plastic snake and a big toy frog for the kids. She can scoop these things into three red bags and we will go meet her Wednesday at the train station.",69,69,69,100.0,"please, call, stella, ask, her, to, bring, these, things, with, her, from, the, store, six, spoons, of, fresh, snow, peas, five, thick, slabs, of, blue, cheese, and, maybe, a, snack, for, her, brother, bob, we, also, need, a, small, plastic, snake, and, a, big, toy, frog, for, the, kids, she, can, scoop, these, things, into, three, red, bags, and, we, will, go, meet, her, wednesday, at, the, train, station",
25,67,Female,Seoul,korean ,"japanes, french",21,5,academic,usa,0.1,"Please call Stella.  Ask her to bring these things with her from the store:  Six spoons of fresh snow peas, five thick slabs of blue cheese, and maybe a snack for her brother Bob.  We also need a small plastic snake and a big toy frog for the kids.  She can scoop these things into three red bags, and we will go meet her Wednesday at the train station.",korean67.mp3,"Please call Stella. Ask her to bring these things with her from the store. Six spoons of fresh snow peas, five thick slabs of blue cheese, and maybe a snack for her brother Bob. We also need a small plastic snake and a big toy frog for the kids. She can scoop these things into three red bags and we'll go meet her Wednesday at the train station.",69,69,68,98.55,"please, call, stella, ask, her, to, bring, these, things, with, her, from, the, store, six, spoons, of, fresh, snow, peas, five, thick, slabs, of, blue, cheese, and, maybe, a, snack, for, her, brother, bob, we, also, need, a, small, plastic, snake, and, a, big, toy, frog, for, the, kids, she, can, scoop, these, things, into, three, red, bags, and, we, go, meet, her, wednesday, at, the, train, station",ll
26,68,Female,Seoul,korean ,spanish,62,25,academic,usa,34.0,"Please call Stella.  Ask her to bring these things with her from the store:  Six spoons of fresh snow peas, five thick slabs of blue cheese, and maybe a snack for her brother Bob.  We also need a small plastic snake and a big toy frog for the kids.  She can scoop these things into three red bags, and we will go meet her Wednesday at the train station.",korean68.mp3,"Please call Stella. Ask her to bring these things with her for the store. From the store, 6 spoons of fresh snow peas, 5 thick slab of blue cheese, and maybe a snack for her brother Bob. We also need a small plastic snack and a big toy frog for the kids. She can scoop these things into 3 red bags and we will go meet her Wednesday at the train station.",69,72,68,98.55,"please, call, stella, ask, her, to, bring, these, things, with, her, for, the, store, from, the, store, spoons, of, fresh, snow, peas, thick, of, blue, cheese, and, maybe, a, snack, for, her, brother, bob, we, also, need, a, small, plastic, snack, and, a, big, toy, frog, for, the, kids, she, can, scoop, these, things, into, red, bags, and, we, will, go, meet, her, wednesday, at, the, train, station","6, 5, slab, 3"
27,70,Female,Seoul,korean ,none,53,3,academic,usa,15.0,"Please call Stella.  Ask her to bring these things with her from the store:  Six spoons of fresh snow peas, five thick slabs of blue cheese, and maybe a snack for her brother Bob.  We also need a small plastic snake and a big toy frog for the kids.  She can scoop these things into three red bags, and we will go meet her Wednesday at the train station.",korean70.mp3,"Please call Stella. Ask her to bring these things with her from the store. 6 spoons of fresh snow peas, 5 thick slabs of blue cheese, and maybe a snack for her brother Bob. We also need a small plastic snack and a big toy frog for the kids. She can scoop these things into three red bags and we will go meet her Wednesday at the train station.",69,69,67,97.1,"please, call, stella, ask, her, to, bring, these, things, with, her, from, the, store, spoons, of, fresh, snow, peas, thick, slabs, of, blue, cheese, and, maybe, a, snack, for, her, brother, bob, we, also, need, a, small, plastic, snack, and, a, big, toy, frog, for, the, kids, she, can, scoop, these, things, into, three, red, bags, and, we, will, go, meet, her, wednesday, at, the, train, station","6, 5"
28,74,Female,Seoul,korean ,none,20,10,academic,usa,11.0,"Please call Stella.  Ask her to bring these things with her from the store:  Six spoons of fresh snow peas, five thick slabs of blue cheese, and maybe a snack for her brother Bob.  We also need a small plastic snake and a big toy frog for the kids.  She can scoop these things into three red bags, and we will go meet her Wednesday at the train station.",korean74.mp3,"Please call Stella. Ask her to bring these things with her from the store. Six spoons of fresh snow peas, five thick slabs of blue cheese, and maybe a snack for her brother Bob. We also need a small plastic snake and a big toy frog for the kids. She can scoop these things into three red bags and we will go meet her Wednesday at the train station.",69,69,69,100.0,"please, call, stella, ask, her, to, bring, these, things, with, her, from, the, store, six, spoons, of, fresh, snow, peas, five, thick, slabs, of, blue, cheese, and, maybe, a, snack, for, her, brother, bob, we, also, need, a, small, plastic, snake, and, a, big, toy, frog, for, the, kids, she, can, scoop, these, things, into, three, red, bags, and, we, will, go, meet, her, wednesday, at, the, train, station",
29,77,Female,Seoul,korean ,chinese,20,5,academic,usa,0.9,"Please call Stella.  Ask her to bring these things with her from the store:  Six spoons of fresh snow peas, five thick slabs of blue cheese, and maybe a snack for her brother Bob.  We also need a small plastic snake and a big toy frog for the kids.  She can scoop these things into three red bags, and we will go meet her Wednesday at the train station.",korean77.mp3,"Please call Stella. Ask her to bring these things with her from the store. Six spoons of fresh snow peas, five thick slabs of blue cheese, and maybe a snack for her brother Bob. We also need a small plastic snake and a big toy frog for the keys. She can scoop these things into three red bags, and we will go meet her Wednesday at the train station.",69,69,68,98.55,"please, call, stella, ask, her, to, bring, these, things, with, her, from, the, store, six, spoons, of, fresh, snow, peas, five, thick, slabs, of, blue, cheese, and, maybe, a, snack, for, her, brother, bob, we, also, need, a, small, plastic, snake, and, a, big, toy, frog, for, the, she, can, scoop, these, things, into, three, red, bags, and, we, will, go, meet, her, wednesday, at, the, train, station",keys
30,80,Female,Seoul,korean ,"japanese, spanish",42,13,academic,usa,19.0,"Please call Stella.  Ask her to bring these things with her from the store:  Six spoons of fresh snow peas, five thick slabs of blue cheese, and maybe a snack for her brother Bob.  We also need a small plastic snake and a big toy frog for the kids.  She can scoop these things into three red bags, and we will go meet her Wednesday at the train station.",korean80.mp3,"Please call Stella. Ask her to bring these things with her from the store. Six spoons of fresh snow peas, five big slabs of blue cheese, and maybe a snack for her brother Bob. We also need a small plastic snake and a big toy frog for the kids. She can scoop these things into three red bags and we will go meet her Wednesday at the train station.",69,69,69,100.0,"please, call, stella, ask, her, to, bring, these, things, with, her, from, the, store, six, spoons, of, fresh, snow, peas, five, big, slabs, of, blue, cheese, and, maybe, a, snack, for, her, brother, bob, we, also, need, a, small, plastic, snake, and, a, big, toy, frog, for, the, kids, she, can, scoop, these, things, into, three, red, bags, and, we, will, go, meet, her, wednesday, at, the, train, station",
31,85,Female,Seoul,korean ,mandarin,20,14,academic,usa,5.0,"Please call Stella.  Ask her to bring these things with her from the store:  Six spoons of fresh snow peas, five thick slabs of blue cheese, and maybe a snack for her brother Bob.  We also need a small plastic snake and a big toy frog for the kids.  She can scoop these things into three red bags, and we will go meet her Wednesday at the train station.",korean85.mp3,"Please call Stella, ask her to bring these things with her from the store. Six spoons of fresh snow peas, five thick slabs of blue cheese, and maybe a snack for her brother Bob. We also need a small plastic snake and a big toy frog for the kids. She can scoop these things into three red bags and we'll go meet her Wednesday at the train station.",69,69,68,98.55,"please, call, stella, ask, her, to, bring, these, things, with, her, from, the, store, six, spoons, of, fresh, snow, peas, five, thick, slabs, of, blue, cheese, and, maybe, a, snack, for, her, brother, bob, we, also, need, a, small, plastic, snake, and, a, big, toy, frog, for, the, kids, she, can, scoop, these, things, into, three, red, bags, and, we, go, meet, her, wednesday, at, the, train, station",ll
32,86,Female,Seoul,korean ,mandarin,21,6,academic,singaporeusa,2.5,"Please call Stella.  Ask her to bring these things with her from the store:  Six spoons of fresh snow peas, five thick slabs of blue cheese, and maybe a snack for her brother Bob.  We also need a small plastic snake and a big toy frog for the kids.  She can scoop these things into three red bags, and we will go meet her Wednesday at the train station.",korean86.mp3,"Police called Stella asked her to bring these things with her from the store. Six spoons of fresh snow peas, five thick slabs of blue cheese, and maybe a snack for her brother Bob. We also need a small plastic snack and a big toy frog for the kids. She can scoop these things into three red bags and we will go meet her Wednesday at the train station. For more information visit www.FEMA.gov",69,76,67,97.1,"stella, her, to, bring, these, things, with, her, from, the, store, six, spoons, of, fresh, snow, peas, five, thick, slabs, of, blue, cheese, and, maybe, a, snack, for, her, brother, bob, we, also, need, a, small, plastic, snack, and, a, big, toy, frog, for, the, kids, she, can, scoop, these, things, into, three, red, bags, and, we, will, go, meet, her, wednesday, at, the, train, station, for","police, called, asked, more, information, visit, www, fema, gov"
33,88,Female,Seoul,korean ,none,24,9,academic,usa,4.0,"Please call Stella.  Ask her to bring these things with her from the store:  Six spoons of fresh snow peas, five thick slabs of blue cheese, and maybe a snack for her brother Bob.  We also need a small plastic snake and a big toy frog for the kids.  She can scoop these things into three red bags, and we will go meet her Wednesday at the train station.",korean88.mp3,"Please call Stella. Ask her to bring these things with her from the store. Six spoons of fresh snow peas, five thick slabs of blue cheese, and maybe a snack for her brother Bob. We also need a small plastic snake and a big toy frog for the kids. She can scoop these things into three red bags and will go with her Wednesday at the train station.",69,68,68,98.55,"please, call, stella, ask, her, to, bring, these, things, with, her, from, the, store, six, spoons, of, fresh, snow, peas, five, thick, slabs, of, blue, cheese, and, maybe, a, snack, for, her, brother, bob, we, also, need, a, small, plastic, snake, and, a, big, toy, frog, for, the, kids, she, can, scoop, these, things, into, three, red, bags, and, will, go, with, her, wednesday, at, the, train, station",
34,90,Female,Seoul,korean ,"japanese, french",35,12,academic,usa,6.8,"Please call Stella.  Ask her to bring these things with her from the store:  Six spoons of fresh snow peas, five thick slabs of blue cheese, and maybe a snack for her brother Bob.  We also need a small plastic snake and a big toy frog for the kids.  She can scoop these things into three red bags, and we will go meet her Wednesday at the train station.",korean90.mp3,"Please call Stella. Ask her to bring these things with her from the store. Six spoons of fresh snow peas, five thick slaps of blue cheese, and maybe a snack for her brother Bob. We also need a small plastic snake and a big toy frog for the kids. She can scoop these things into three red bags and we will go meet her Wednesday at the train station.",69,69,68,98.55,"please, call, stella, ask, her, to, bring, these, things, with, her, from, the, store, six, spoons, of, fresh, snow, peas, five, thick, of, blue, cheese, and, maybe, a, snack, for, her, brother, bob, we, also, need, a, small, plastic, snake, and, a, big, toy, frog, for, the, kids, she, can, scoop, these, things, into, three, red, bags, and, we, will, go, meet, her, wednesday, at, the, train, station",slaps
35,91,Female,Seoul,korean ,japanese,43,14,academic,usa,7.0,"Please call Stella.  Ask her to bring these things with her from the store:  Six spoons of fresh snow peas, five thick slabs of blue cheese, and maybe a snack for her brother Bob.  We also need a small plastic snake and a big toy frog for the kids.  She can scoop these things into three red bags, and we will go meet her Wednesday at the train station.",korean91.mp3,"Please call Stella. Ask her to bring these things with her from the store. 6 spoons of fresh snow peas, 5 thick slabs of blue cheese, and maybe a snack for her brother Bob. We also need a small plastic snack and a big toy frog for the kids. She can scoop these things into three red bags and will go with her Wednesday at the train station.",69,68,66,95.65,"please, call, stella, ask, her, to, bring, these, things, with, her, from, the, store, spoons, of, fresh, snow, peas, thick, slabs, of, blue, cheese, and, maybe, a, snack, for, her, brother, bob, we, also, need, a, small, plastic, snack, and, a, big, toy, frog, for, the, kids, she, can, scoop, these, things, into, three, red, bags, and, will, go, with, her, wednesday, at, the, train, station","6, 5"
36,92,Female,Seoul,korean ,none,19,6,naturalistic,marianaislandusa,12.0,"Please call Stella.  Ask her to bring these things with her from the store:  Six spoons of fresh snow peas, five thick slabs of blue cheese, and maybe a snack for her brother Bob.  We also need a small plastic snake and a big toy frog for the kids.  She can scoop these things into three red bags, and we will go meet her Wednesday at the train station.",korean92.mp3,"Please call Stella, ask her to bring these things with her. From the store, 6 spoons of fresh snow peas, 5 thick slabs of blue cheese and maybe a snack for her brother Bob. We also need a small plastic snake and a big toy frog for the kids. She can scoop these things into 3 red bags and we will go meet her Wednesday at the train station.",69,69,66,95.65,"please, call, stella, ask, her, to, bring, these, things, with, her, from, the, store, spoons, of, fresh, snow, peas, thick, slabs, of, blue, cheese, and, maybe, a, snack, for, her, brother, bob, we, also, need, a, small, plastic, snake, and, a, big, toy, frog, for, the, kids, she, can, scoop, these, things, into, red, bags, and, we, will, go, meet, her, wednesday, at, the, train, station","6, 5, 3"
37,93,Female,Seoul,korean ,french,23,7,academic,usa,0.8,"Please call Stella.  Ask her to bring these things with her from the store:  Six spoons of fresh snow peas, five thick slabs of blue cheese, and maybe a snack for her brother Bob.  We also need a small plastic snake and a big toy frog for the kids.  She can scoop these things into three red bags, and we will go meet her Wednesday at the train station.",korean93.mp3,"Please call Stella, ask her to bring these things with her from the store. 6 spoons of fresh snow peas, 5 fig slabs of blue cheese and maybe a snack for her brother Bob. We also need a small plastic snack and a big toy frog for the kids. She can scoop these things into 3 red bags and he will go meet her Wednesday at the train station.",69,69,64,92.75,"please, call, stella, ask, her, to, bring, these, things, with, her, from, the, store, spoons, of, fresh, snow, peas, slabs, of, blue, cheese, and, maybe, a, snack, for, her, brother, bob, we, also, need, a, small, plastic, snack, and, a, big, toy, frog, for, the, kids, she, can, scoop, these, things, into, red, bags, and, will, go, meet, her, wednesday, at, the, train, station","6, 5, fig, 3, he"
38,95,Female,Seoul,korean ,none,36,13,academic,usa,12.0,"Please call Stella.  Ask her to bring these things with her from the store:  Six spoons of fresh snow peas, five thick slabs of blue cheese, and maybe a snack for her brother Bob.  We also need a small plastic snake and a big toy frog for the kids.  She can scoop these things into three red bags, and we will go meet her Wednesday at the train station.",korean95.mp3,"Please call Stella, ask her to bring these things with her from the store. Six spoons of fresh snow peas, five thick slabs of blue cheese, and maybe a snack for her brother Bob. We also need a small plastic snack and a big toy, a frog for the kids. She can scoop these things into three red bags and we will go meet her Wednesday at the train station.",69,70,70,101.45,"please, call, stella, ask, her, to, bring, these, things, with, her, from, the, store, six, spoons, of, fresh, snow, peas, five, thick, slabs, of, blue, cheese, and, maybe, a, snack, for, her, brother, bob, we, also, need, a, small, plastic, snack, and, a, big, toy, a, frog, for, the, kids, she, can, scoop, these, things, into, three, red, bags, and, we, will, go, meet, her, wednesday, at, the, train, station",
39,96,Female,Seoul,korean ,mandarin,21,10,academic,usa,0.7,"Please call Stella.  Ask her to bring these things with her from the store:  Six spoons of fresh snow peas, five thick slabs of blue cheese, and maybe a snack for her brother Bob.  We also need a small plastic snake and a big toy frog for the kids.  She can scoop these things into three red bags, and we will go meet her Wednesday at the train station.",korean96.mp3,"Please call Stella. Ask her to bring these things with her from the store. 6 spoons of flesh snow peas, 5 thick slabs of blue cheese, and maybe a snack of her brother Bob. We also need a small plastic snake and a big toy frog for the kids. She can scoop these things into 3 red bags and we will go meet her Wednesday at the train station.",69,69,65,94.2,"please, call, stella, ask, her, to, bring, these, things, with, her, from, the, store, spoons, of, snow, peas, thick, slabs, of, blue, cheese, and, maybe, a, snack, of, her, brother, bob, we, also, need, a, small, plastic, snake, and, a, big, toy, frog, for, the, kids, she, can, scoop, these, things, into, red, bags, and, we, will, go, meet, her, wednesday, at, the, train, station","6, flesh, 5, 3"
40,97,Female,Seoul,korean ,none,49,13,academic,usa,15.0,"Please call Stella.  Ask her to bring these things with her from the store:  Six spoons of fresh snow peas, five thick slabs of blue cheese, and maybe a snack for her brother Bob.  We also need a small plastic snake and a big toy frog for the kids.  She can scoop these things into three red bags, and we will go meet her Wednesday at the train station.",korean97.mp3,"Please call Stella. Ask her to bring these things with her from the store. Six spoons of fresh snow peas, five thick slabs of blue cheese, and maybe a snake for her brother Bob. We also need a small plastic snake and a big toy frog for the kids. She can scoop these things into three red bags and we will go meet her Wednesday at the train station.",69,69,69,100.0,"please, call, stella, ask, her, to, bring, these, things, with, her, from, the, store, six, spoons, of, fresh, snow, peas, five, thick, slabs, of, blue, cheese, and, maybe, a, snake, for, her, brother, bob, we, also, need, a, small, plastic, snake, and, a, big, toy, frog, for, the, kids, she, can, scoop, these, things, into, three, red, bags, and, we, will, go, meet, her, wednesday, at, the, train, station",
