Reflection,Difficulty,RE
"코딩을 배워본 적이 한 번도 없었는데, 이번 기회에 코딩을 익히고, 파이썬, 깃허브, 콜랩 등등 디지털 관련 지식을 습득할 수 있어서 좋았습니다. 미래 교사는 AI, 메타버스, 빅데이터 등등 4차 산업에 대비하여 그와 관련된 지식을 쌓아야 하는건 맞지만, 어떻게 그러한 지식들을 쌓으며, 어떻게 시작해야 할 지 막막할 것 같은데.. 다행히 교수님께서 그와 관련된 강좌를 열어주셔서 감사합니다. 후배님들께도 큰 도움이 될 것 같습니다.",.,"I had never tried coding before, but it was great to have the opportunity to learn coding, as well as gain knowledge in digital-related areas such as Python, GitHub, and Colab. As a future teacher, I know I need to acquire knowledge related to the fourth industrial revolution, such as AI, metaverse, and big data. However, I feel overwhelmed about how to build such knowledge and where to start. Fortunately, our professor is offering courses related to these topics, and I am grateful for that. I believe it will also be a great help to my juniors."
우선 코딩에 맹한 자 소위 코맹인 저에게 코딩을 접할 수 있는 좋은 기회여서 좋았던 것 같습니다. 특히 발음 면에서 tts 사용은 당장 교실에 도입해도 문제없을 만큼 퀄리티가 좋아서 깜짝 놀랐습니다. 그리고 코딩을 수업 시간에 활용할 수 있는 방법이 매우 무궁무진할 것 같습니다. 코드에 조금 더 익숙해지고 그 코드를 자유자재로 다룰 줄 안다면 미래 교사로서의 역량이 충분히 충족될 것 같습니다. 하지만 저같은 문과에게 코딩은 조금 어려운 면이 없지 않아 있었습니다 ㅠ.ㅠ,"우선 코딩이라는 것이 정말 어렵고 접하기 힘들었던 것이었습니다. 그래서 수업을 들어도 계속 코드를 까먹고, 진행 원리도 이해하기 어려웠습니다. 하지만 재밌었어요 헤헤","First of all, I was glad to have a good opportunity to learn coding, as someone who is blind to coding, also known as a ""code-blind"" person. I was particularly surprised by the quality of the text-to-speech (TTS) system, to the extent that it could be introduced in the classroom without any issues. Furthermore, there seem to be endless possibilities for utilizing coding during class time. If I become more familiar with the code and can manipulate it freely, I believe I will have sufficient capabilities as a future teacher. However, as someone from a liberal arts background like me, coding did have its challenges."
코딩에 대해서 아예 모르던 저에게 있어서 아주 기본적인 코딩이라도 알 수 있게 되었습니다. 또한 chat gpt 혹은 dale와 같은 ai 프로그램을 알게 되고 사용하는 방법을 알 수 있어서 도움이 되었습니다. 이러한 기술들을 교육에 접목해 사용하면 효과적인 수업 방법이 될 수 있다고 느꼈습니다.,처음 접해보는 코딩이 가장 어려웠습니다.,"To someone like me who knew absolutely nothing about coding, I have now been able to learn even the most basic coding. Additionally, I have become aware of and learned how to use AI programs like ChatGPT or Dale, which has been helpful. I feel that incorporating these technologies into education can be an effective teaching method."
"수업시간에 활용할 수 있는 코드를 많이 알아서 흥미로웠습니다. 수업 시작 전 프리뷰로 활용할 수 있는 워드 클라우드나 영상을 만들 수 있는 스티브 AI, 단어 시험으로 활용할 수 있는 코드를 안 것도 도움이 많이 된 것 같습니다.",코드를 이해하고 그것을 다른 상황에 활용하여 적용시키는 것이 어려웠습니다.,"I found many interesting codes that can be utilized during class time. It was helpful to have the Word Cloud and video creation using Steve AI, which can be used as a preview before the class starts. The code for the word exam was also very helpful."
디지털화 되어가는 세상을 따라가지 못하고 있었는데 이번 수업을 들으면서 새로우 ㄴ것은 어떤 것이 있고 앞으로 어떻게 세상의 트렌드를 따라잡아가야 할 지 생각해볼 수 있었다. 그리고 코딩이나 그런 것에 대해 아무것도 모르고 있었는데 체험을 해보면서 재밌고 실제로 사용하면 유용할 것 같다고 생각했고 미래에 수업에서 사용될 수 있을 것 같았다. 수업에 필요한 자료들을 한 곳에 모아서 쓸 수 있어서 편리할 것 같고 앞으로 이런 것들을 이용한 수업이 활발해질 것을 생각하면 미리 한 번 봐둠으로써 뒤처지지 않을 수 있을 것 같다고 생각했다.,코딩을 처음해보았는데 개념이 많아서 그것에 익숙해지는게 제일 어려웠던 것 같다. 함수나 코드같은 것은 아직도 구분을 잘 못 하겠고 어디서 무엇을 써야하는지 감으로만 알 것 같다.,"The world is becoming more digitized, and I felt like I couldn't keep up with it. However, through this class, I was able to learn about new things and think about how to catch up with the trends of the world. I didn't know anything about coding or similar things before, but after trying it out, I found it enjoyable and thought it would be useful to use in real life. It seemed like it could be used in future classes, and it would be convenient to have all the necessary materials gathered in one place. Considering that classes using these technologies will become more active in the future, I thought that by looking at them in advance, I wouldn't fall behind."
디지털리터러시는 제 전공이 아니라고 생각해 지금껏 전혀 관심을 두지 않고 있었는데 앞으로 예비 교원으로서 알아야 할 필수적인 과목이라고 생각합니다. 어려운 점도 많았지만 새롭게 알게된 정보와 디지털툴과 소프트웨어 프로그램을 다룰 수 있게 되어 얻는 이점이 더 컸던 과목이었습니다. 컴퓨터가 있는 강의실에서 수업하여 이론적인 부분들과 함께 실습도 같이 할 수 있어서 실질적으로 어떻게 다루는지 배웠습니다.,처음 프로그램을 접하는 학생과 기존에 디지털리터러시 스킬을 가지고 있는 학생들 간의 차이가 수업의 이해도와 크게 관련이 있어서 개인적으로 처음 코딩과 파이썬을 다루는 입장으로 이해하는 속도가 느려 어려웠습니다.,"Digital literacy is not my major, so I had never been interested in it at all. However, I now consider it an essential subject that I need to know as a prospective teacher. Although there were many difficulties, it was a subject that provided greater benefits as I learned new information and gained the ability to handle digital tools and software programs. By having classes in computer-equipped classrooms, I was able to learn how to practically manipulate them along with the theoretical aspects."
"이 수업을 수강하기 전에는, Coding의 어려운 부분에 대한 두려움이 컸기 때문에 관심을 가지고스스로 입문하기에는 부담스러운 부분이 없지 않아 있었는데, 이 수업을 통해서 직접 코딩을 하는 것을 통달한 것은 아니지만, 적어도 코딩되어진 코드들을 보고 해석할 수 있는 능력, 그리고 그것들을 활용할 수 있는 능력을 기를 수 있어서 코딩에 대한 거부감을 많이 줄일 수 있었습니다. 변화하는 영어교육의 환경을 이 수업을 통해 조금 더 실감할 수 있었고, 그로 인해서 Digital literacy를 가진 교사가 되기 위해 노력할 필요성을 느낄 수 있었습니다.","코딩을 직접하는 것에 있어서, 모든 개념들이 대부분 처음 접하고 인지 되어 있지 않았기 때문에 많은 어려움이 있었습니다.","Before taking this class, I had concerns and hesitations about delving into coding myself due to the challenging aspects of coding. However, through this class, I was able to reduce my aversion to coding by developing the ability to interpret and utilize coded instructions, even though I haven't completely mastered coding itself. This class allowed me to experience the changing environment of English education, and as a result, I felt the need to strive to become a teacher with digital literacy."
평소에는 사실 코딩이나 이런 것에 대해 대충은 뭔지는 알았지만 내가 앞으로 다룰 일도 없을 것이라 생각 했고 코딩에 대해 아예 무지했었는데 수업을 들으면서 그래도 코딩이 어떤 것인지 조금은 알 수 있었고 아직도 원하는 코딩을 스스로 잘 만들지는 못하지만 이미 있는 코딩을 복사해서 쓰는 정도는 할 수 있게 되었다고 생각한다. 여전히 코딩은 어렵지만 관심이 없던 정도에서 약간의 호기심은 생긴 것같다.,이 수업이 어떤 수업인지 모르고 신청해서 듣게 되어서 코딩에 관련된 수업이란 걸 알게 되었을 때 힘들 거라 생각했고 그대로 코딩을 복사해서 써도 안 돌아가서 어려울 때도 많았지만 그래도 Chatgpt덕에 도움을 많이 받아 해결할 수 있었다.,"Normally, I actually had a vague idea of what coding and things like that were, but I thought I would never have to deal with them in the future, so I was completely ignorant about coding. However, while taking the class, I was able to understand a little bit about what coding is, and although I still can't create coding from scratch as I want, I think I can at least copy and use existing code. Coding is still difficult, but I think I have developed a bit of curiosity from a level of disinterest."
먼저 디지털 리터러시와 영어교육을 수강신청했을 때 과목 이름이 뭔가 영어교육과는 어울리지 않는 듯한 느낌을 많이 받았고 뭔가 의아했습니다. 그리고 개강 첫 날 교수님의 ot와 나눠주신 논문을 읽고 나서 많은 생각의 변화가 들었습니다. 발달하고 있는 AI 시대에 적응하고 그 AI를 이용하여 학생들에게 보다 참신한 방법으로 접근할 수 있음에 흥미를 느꼈고 그 중 코딩과 마이크로소프트 빙이 제일 인상깊었습니다. 살면서 코딩이란 말을 들어보긴 했지만 한번도 해본적이 없었고 뭔가 시작하기 두려웠습니다. 하지만 교수님의 학생들 눈높이에 맞춰주시는 수업에 재밌게 편안하게 코딩 수업을 들을 수 있었고 입력한대로 한 치의 오차 없이 출력되는 사람과는 다른 모습의 코딩이 매력적이었습니다. 오류도 gpt를 통해 해결할 수 있고 이젠 오류도 무서워하지 않을 수 있습니다. 그리고 마이크로소프트 빙입니다. 연관된 단어들을 입력만 하면 그에 맞는 이미지를 제공해준다는 것이 너무 신기했고 흥미로웠습니다. 집에서도 혼자 해볼만큼 흥미로운 웹사이트였습니다. 2년 후에 교생실습에 나가거나 후에 임용시험에 합격해 교사가 된다면 수업구성에 있어서 코딩과 같은 여러가지 디지털 툴들을 사용할 생각을 조금이라도 하지는 않을까 생각듭니다.,아무래도 처음 접하는 코딩이다 보니 진입 장벽이 살짝 높았던 것 말고는 없었던 것 같습니다.,"First, when I registered for Digital Literacy and English Education, I felt that the course names didn't quite fit with English education. It was somewhat puzzling. However, after reading the professor's OT (Orientation) and the papers shared on the first day of class, I experienced a significant change in my thinking. I felt interested in adapting to the developing AI era and using AI to approach students in more innovative ways. Among them, coding and Microsoft Bing left the strongest impression on me. Although I had heard of coding before, I had never tried it myself, and I was somewhat afraid to start. However, thanks to the professor's teaching that catered to the students' level, I was able to enjoy coding classes comfortably. The coding I learned was fascinating because it produced outputs without a single error, unlike any other human-produced work. I can now solve errors using GPT and no longer fear making mistakes. And then there's Microsoft Bing. It was amazing and intriguing that it provided appropriate images simply by inputting related words. It was an engaging website that I could explore even at home. Looking ahead, if I go on a teaching internship in two years or pass the certification exam to become a teacher in the future, I can't help but think that I might consider using various digital tools like coding in designing my lessons."
"이전에는 한번도 코딩에 대해 배워본 적이 없었고 접해볼 기회가 없었는데 이번 수업을 통해 코딩의 기본적인 지식들을 학습할 수 있었다. 또한 디지털 수업 도구들을 새롭게 많이 배운 것 같아 유익했다. 이렇게 배운 도구들과 이용법을 다른 과목에서도 적용 시킬 수 있었고 이 수업을 듣지 않았을 때보다 새로운 것들을 많이 알아갈 수 있었다는 것에서 많은 도움을 받았다. 특히 ai를 이용한 영상제작툴이나 wordcloud사용법, Dall e 사용법 등은 교육분야 뿐만 아니라 다른 분야에서도 충분히 사용할 수 있다고 생각했고 새로운 분야를 알게 된 것 같아 유익했다. 이렇게 배운 것들을 통해 코딩이나 디지털 툴에 관해 조금 더 자세히 배워보고 싶다는 생각을 하게 되었다. 이후 기회가 된다면 방학 때를 이용하거나 수업을 통해 조금 더 심화된 코딩 수업 등을 배울 수 있다면 더 좋을 것 같다.",한번도 코딩을 접해본적이 없었어서 코딩이라는 분야에 어색했던 것 같다. 그래서 이를 이해하고 따라가는데 조금 어려움을 겼었던 것 같다.,"Previously, I had never learned or had the opportunity to experience coding. However, through this class, I was able to learn the basic knowledge of coding. Additionally, I learned a lot of new digital tools, which I found to be very beneficial. I could apply the tools and their usage to other subjects as well, and I found that I learned a lot more new things compared to when I didn't take this class. I received a lot of help from this because I could utilize these newly learned tools and techniques in various fields, not just in education. Especially, I believe that AI-based video production tools, word cloud usage, and Dall-e usage can be used sufficiently in other fields as well, and it was valuable to discover new areas. Through what I've learned, I became interested in delving deeper into coding and digital tools. If the opportunity arises, it would be great to utilize the vacation period or take more advanced coding classes to learn more."
"최근 들어서 교육환경에 있어서 기술이 얼마나 중요하고 효과적인지에 대한 이야기가 꾸준히 나온다는 것을 알고 있었다. 그래서 처음 이 수업을 신청할 때 어떤 기술이 어떻게 teaching에 쓰이는지 알고 싶었다. 그리고 종강을 앞둔 지금, 처음 가졌던 그 질문들이 조금은 해결 되었다고 느낀다. 이 수업을 수강하며 배우게 된 것은 크게 2가지가 있는데, 첫 번째는 기본적인 코딩 processing 이고 두 번째는 학교에서 쓰일 수 있는 activity tool이다. 먼저 나는 코딩을 한 번도 경험해보지 않아서 코딩이 무엇이며 어떻게 시작하는지 조차 몰랐었는데, 이 수업을 통해 적어도 사람들이 왜 코딩을 사용하는지와 코딩이 무엇을 가능하게 하는지에 대한 기본 지식을 쌓을 수 있었다. 다음은 학교 영어수업에서 쓰일 수 있는 acitivity tool이 무엇이며 어떤 학습효과를 위하여 어떻게 사용될 수 있는지 알게 되었다. 수업을 듣기 전에는 전자기기가 수업시간에 e-book을 위해 많이 사용된다 정도만 알고 있었는데 이 수업을 들으며 실제 program이 교실에서 사용될 수 있고, 나아가 아주 효과적이라는 것을 알게 되었다. 그 깨달음을 가지고 교육실습에서 digital program을 사용한 수업과 사용하지 않은 수업을 비교해보았는데, 학생들의 흥미도가 달라짐을 느낄 수 있었다.",코딩의 특성 상 한번 꼬이게 되면 그 이후의 것도 계속 꼬이게 될 때가 많아서 스트레스를 받을 때가 있었다. 그리고 이런 종류의 수업이 처음이라 시험을 어떻게 준비해야 할지도 어려웠다.,"Recently, I was aware that there has been a continuous discussion about the importance and effectiveness of technology in the educational environment. So when I first signed up for this course, I wanted to know how technology is used in teaching. Now, as the course is coming to an end, I feel that some of the questions I had initially have been resolved to some extent. There are two main things I have learned from taking this course. First is the basic coding using processing, and second is an activity tool that can be used in school. Initially, I had no experience with coding and didn't even know where to start, but through this course, I was able to gain basic knowledge about why people use coding and what coding makes possible. Next, I learned about activity tools that can be used in English classes and how they can be utilized for effective learning outcomes. Before taking the course, I only knew that electronic devices were widely used for e-books during class time, but through this course, I discovered that actual programs can be used in the classroom and they can be highly effective. With that realization, I compared lessons in educational practice that used digital programs and those that didn't, and I could sense a difference in students' level of engagement."
처음에 디지털리터러시 수업을 듣게 되었을 때 과목 명에서부터 정확히 무엇을 배울지는 몰랐었다. 그리고 수업을 듣게 되면서 코딩을 배우게 된 뒤 혼란스러웠다. 코딩은 어깨너머로 들어나봤지 나에게는 해당되지않는 저 너머의 이야기들로만 여겼기 때문이다. 공대나 이과 사람들이나 쓸 줄 알았고 사범대에 와서 코딩이란 것을 배우게 될지는 몰랐다. 코딩을 초반에 수업을 들을 때는 교수님 화면을 따라하기 바빴고 뭐가 무슨 내용인지 이게 뭐에 쓰이는 건지 잘 몰랐다. 사실 지금 보면 정말 간단한 코드들이었고 조금만 공부해도 누구나 할 수 있는 것들이었다. 그냥 '코딩'이라는 것 자체가 한자처럼 어렵게 다가왔고 프로그래머들이나 만지는 거지 싶어서 코딩은 어렵고 전문 분야에 해당하는 것이라고 느끼고 시작을 했다. 하지만 수업을 들으면서 신기한 기능들이 정말 많았고 코딩을 입력하고 내가 예상한 값이 나왔을 때는 기분이 좋았다. 가끔씩 혼자서 수업 시간에 배운 코딩을 기억해 내가 원하는 값을 나오게 만드는 놀이도 했다. 디지털 리터러시 수업을 듣고 특히 chat GPT를 처음 접했을 때는 두려움이 느껴질 정도로 너무나도 흥미로웠다. 온갖 궁금한 것들은 다 물어보았고 코딩이 막혔을 때 복사해서 입력을 하면 에러도 찾아주었다. 디지털 리터러시 수업을 듣게 되면서 내가 전혀 알지 못 했던 분야에 대해서 지식을 넓혀갈 수 있었고 수업을 들으면 무조건 득이라고 생각하기 때문에 나는 후배들을 떠나서 선배들께도 이 수업을 추천을 드리고 싶다.,"F-1 에서도 얘기했지만 코딩을 배울 거라고 예상하지 못 했던 점, 그리고 그랬던 탓에 코딩을 어렵게 마주하게 된 점, 잘 이해하지 못 한 체 그저 코딩만 따라하기 바빴던 점(이것을 나의 능력 부족과 수업에 집중하지 못 해서라고도 생각한다.)","At first, when I started taking the Digital Literacy class, I didn't know exactly what I would learn from the course name itself. And as I started attending the class and learning coding, I was confused. Coding seemed like a distant world beyond my reach, filled with stories that didn't apply to me. I thought it was something for engineering or science students, and I didn't expect to learn coding in a teacher training program. In the beginning, when I took coding classes, I was busy following the professor's screen and had no idea what the content was or how it would be used. In hindsight, the codes were really simple, and with a little study, anyone could do them. But the concept of ""coding"" itself felt difficult, like Chinese characters, and I thought it was something that only programmers touched, a complex and specialized field.

However, as I attended the classes, I discovered many fascinating features, and it felt great when I entered the code and got the expected results. Sometimes, I even played a game of recalling the coding I learned during class and making it produce the values I wanted. When I first encountered the Digital Literacy class, especially when I encountered chat GPT, it was so interesting that I felt a sense of fear. I asked all sorts of questions, and when I got stuck with coding, copying and pasting would help me find errors. By taking the Digital Literacy class, I was able to broaden my knowledge in areas I knew nothing about, and I always consider attending the class as a gain. Therefore, I would recommend this class not only to my juniors but also to my seniors."
솔직히 이 수업을 듣기 전까지는 ChatGPT에 대해서도 들어보지 못 했고 코딩은 저번 학기에 교양 수업으로 들어본 적은 있지만 이것이 수업에 활용될 수 있다고는 전혀 생각하지 못 했어서 제 자신이 디지털 기술 활용 능력에 있어서 많이 떨어져 있다는 것을 뼈저리게 느꼈고 너무나 빠르게 발전하는 이 세상이 무섭게 느껴지지만 계속 뒤쳐질 수는 없으니 저도 빠르게 따라가야겠다는 생각이 이번 학기 수업을 듣는 내내 들었습니다. 이 수업을 통해 첫 발을 딛었다고 생각하고 앞으로도 이런 수업이나 특강 등을 꾸준히 참석하여 수강하면서 제 능력을 발전시켜나가고 싶습니다.,코딩 코드를 입력할 때 지켜야 하는 규칙들이 많아서 결과를 도출할 때 오류도 많이 뜨고 의도했던 대로 답이 안 나와서 어려웠습니다.,"Honestly, I had never heard of ChatGPT until I took this class. I had some exposure to coding in a general education class last semester, but I never thought it could be applied in a class like this. It made me realize that I am lacking in digital skills, and I feel the world is progressing so rapidly that it's scary. However, I can't afford to fall behind, so I had the thought of keeping up with the pace throughout this semester. I consider taking this class as taking my first step, and I want to continue attending similar classes and workshops to improve my skills in the future."
"디지털리터러시 수업을 수강하면서 Dall-E, SteveAI와 같은 실제 수업에 적용하기 좋은 프로그램들을 접해보아서 좋았습니다. Chat gpt도 이 수업을 듣기 전에는 사용해본 적이 없었는데 이 수업을 듣고 나서 Chat gpt가 실제로 다방면에서 활용될 수 있고 유용하다는 것을 알게 되었습니다. 이 수업 이전에는 코딩에 대해서 알기만 하였지 실제로 사용하여 본 적이 없었는데 이 수업을 들으면서 코딩의 코드를 직접 만들어보고 접해볼 수 있었던 것 같습니다. 코딩이 앞으로의 수업에 많이 적용될 것 같아 코딩과 관련된 수업에 대해서 관심이 생겼습니다.",코딩의 코드를 만들 때 의도한 대로 되지 않아서 힘들었습니다.,"While taking the Digital Literacy course, it was great to come across programs like Dall-E and SteveAI that are suitable for practical application in the classroom. I had never used Chat GPT before taking this course, but after completing it, I realized that Chat GPT can be utilized and is useful in various aspects. Prior to this course, I only had knowledge about coding but had never actually tried using it. However, during this course, I was able to create and experience coding firsthand. It seems that coding will be widely applied in future courses, so I have developed an interest in coding-related classes."
"최근 초 중학교에서도 코딩을 수업 시간에 배울 정도로 코딩이라는 것이 중요해졌고 트렌드를 따라가는 혹은 리드하는 선생이 되려면 코딩에 친숙해져야 한다고 생각했는데 이 수업을 통해 코딩뿐만 아니라 다른 유용한 도구들을 알 수 있게 되어서 제 미래에 도움이 되었다고 생각합니다. 
중요한 것들을 알려주는 강의가 사실 교양으로 존재한다면 배워야 한다는 생각은 들지만 코딩이 어려울 거 같고, 점수를 잘 받지 못할 거 같고, 재미가 없을 것이라 생각하며 수강 신청을 안 할 것 같은데 오히려 전공으로 들어가면서 어느 정도 강압적인 부분이 있어 오히려 좋다는 생각이 들었습니다. 
또한 저는 코딩 자체에도 굉장한 흥미를 느꼈습니다. 사실 인생이 자기 뜻대로 되는 일이 잘 없는데 코딩도 마찬가지였습니다. 계속 오류가 뜨고, 어떻게 바꿔야 돌아가는지 모르겠던 적이 꽤 많았습니다. 하지만 강의를 계속 들을 수록 어떤 부분이 이상한지 알게 되었고, '이렇게 하면 이런 걸 나타낼 수 있겠네' 라는 생각이 들면서 흥미가 확 올라간 것 같습니다. 내가 원하는 대로 코딩이 돌아가고 결과가 나오니 인생의 대리 만족을 하는 부분도 조금이나마 있었습니다. 
그래서 재밌고 도움도 많이 되는 디지털리터러시를 1학년들이 꼭 들었으면 좋겠습니다.",코딩자체가 제일 재미있었지만 동시에 제일 어려웠습니다. 개념들을 익히는 데에 어려움을 겪었지만 익숙해지니 큰 어려움은 느끼지 못했습니다.,"Recently,  coding has become important to the extent that it is taught in elementary and middle schools. I thought that in order to keep up with or lead the trend, and to become a teacher who follows or leads the trend, I needed to become familiar with coding. Through this class, I was able to learn not only coding but also other useful tools, which I believe will be helpful for my future.

If there is a lecture that teaches important things, I feel that it should be learned as a part of general knowledge. However, I didn't think I would enroll in this class because I thought coding would be difficult, that I wouldn't get good grades, and that it wouldn't be fun. But surprisingly, as I entered my major, there was a somewhat coercive aspect to it, which I found to be beneficial.

Furthermore, I found coding itself to be fascinating. In fact, there aren't many things in life that go exactly as planned, and coding was no exception. I encountered many instances where errors kept popping up, and I didn't know how to fix them. However, as I continued to take the lectures, I started to understand which parts were problematic, and I became more interested, thinking, ""If I do it this way, I can achieve this result."" Seeing the coding work the way I wanted and producing results gave me a sense of satisfaction in life, even if it was just a small part.

Therefore, I would really like it if all first-year students took the enjoyable and helpful digital literacy class."
디지털 기기를 이용한 수업에 대해 막연하게만 생각해왔었는데 구체적으로 어떠한 코드를 사용해 어떤 학습을 시키고 API 같은 다른 프로그램들을 응용하는 방법을 배우면서 디지털 수업에 대한 윤곽이 잡히는 것 같아 유익한 시간이었습니다. 교수님 말씀대로 저희가 교사가 될 즈음에는 학생들이 코딩수업을 배웠다는 것을 감안하면 이 수업은 미래교사로서 저희에게 필요한 수업인 것 같습니다.,코딩을 본격적으로 해본 것은 처음이다 보니 새로운 함수 적용과 오류가 떴을때 해결하는 것에 어려움이 있었던 것 같습니다.,"I had vague thoughts about using digital devices for classes, but as I learned specifically about using certain codes, teaching various lessons, and applying other programs like APIs, I gained a clearer understanding of digital classes. It was a beneficial time. Considering that students will have learned coding by the time we become teachers, as the professor mentioned, I believe this class is necessary for us as future educators."
"이 수업을 들으면서 코딩이라는 것이 무엇인지 알게 되었고 또, 코딩을 어떻게 하는지에 대한 방식을 터득하는데에도 도움이 되었던것 같습니다. 그리고 이 수업을 들으면서 교수님이 다양한 AI application을 소개해주시면서 인터넷에 내가 모르는 이런 다양한 application이 있구나 또 어떻게 이 application 을 사용하는지도 가르쳐주셔서 더욱더 Digital Literacy라는 것이 무엇인지에 대해 한발자국 더 나아갔다고 생각합니다. 다음학기에도 제 후배들이 이 수업을 들었으면 좋겠습니다.","처음으로 접해보는 코딩이라는 과목이라서 새삼 어렵게 느껴지고 에러가 떠도 이해할 수 없으니 어려웠던 것 같습니다.,","While  taking this class, I learned what coding is and it helped me understand how to approach coding. Additionally, during this class, the professor introduced various AI applications and taught us how to use these applications on the internet, which made me take a step further in understanding what Digital Literacy is. I hope my juniors will take this class next semester as well."
"처음에는 이 강의 이름을 보고 싫어하는 코딩만 할 줄 알았습니다. 하지만 이번 수업에서 코딩도 물론 하지만, 학습에 적용이 가능하고 학습 능률을 더 올릴 수 있는 디지털 도구들을 배우면서 많은 흥미를 얻게 되었습니다. 특히 많은 디지털 도구 중에서도 비디오 과제를 낼 때, 이 수업을 배우지 않았다면 제 목소리로 녹음을 하는 건데, Steve AI와 같은 더 깔끔한 비디오로 대본을 넣고 만들 수 있다는 것이 굉장히 좋았습니다. 그리고 코딩을 하면서, 계속 생각을 해보려고 하고, 결과를 만들어 낼 때 쾌감이 느껴져 좋았습니다. 학습에 많은 도움이 되는 코드를 많이 배워서, 다른 수업을 할 때도 가끔 사용할 것 같습니다.","처음에 코드들이 많이 나올 때, 솔직히 개념 이해도 너무 어려웠고, 코드 적용은 더더욱 어려웠습니다. 많은 코드들이 나올 때, 수업 진도도 약간 빨라서 힘들었습니다. 그리고 수업 초반에 조원들끼리 과제를 할 때, 과제를 이해하는 것만으로도 50분을 다 썼던 적이 있을 만큼, 과제가 어려울 때가 있었습니다.","At first, when I saw the name of this lecture, I thought I would dislike it because it was about coding. However, in this class, I not only learned coding but also discovered many digital tools that can be applied to learning and enhance learning efficiency. Among the various digital tools, I found it particularly interesting that when submitting video assignments, instead of recording in my own voice, I could insert the script into a cleaner video using tools like Steve AI. Also, while coding, I enjoyed the pleasure of constantly thinking and producing results. I learned a lot of helpful code for learning, and I think I will occasionally use it in other classes as well."
"디지털 리터러시 수업을 수강 하면서 전에는 아예 알지도 못했던 코딩을 하는 법을 배우고 그것을 어떻게 미래에 수업에 적용할 수 있을 지를 생각하면서, 앞으로 얼마나 많은 변화가 빠르게 일어날 것이고, 그것에 맞춰서 내가 어떤 방향으로 가야 하는지 생각하는데 있어서 가장 기본이 된 수업이라고 생각합니다. 이 수업에 맞춰서 앞으로도 다른 콘텐츠들을 생각하면서 내가 원하고자 하는 수업을 할 때 보조 자료를 만들 수 있게 도움이 된 수업이라고 생각합니다. 앞으로 나올 다양한 자료들을 통해서 수업을 다채롭게 꾸며야겠다는 생각을 하게 된 수업이라고 생각합니다.","처음 배우는 코딩이다 보니 처음에는 모든 것이 낯설었지만, 강의를 듣다가 보니 괜찮아 졌던 거 같습니다.","While taking a digital literacy class, I learned how to code, which I had no knowledge of before. I also thought about how I could apply it in future classes. I believe this class is fundamental in thinking about how rapidly changes will occur in the future and in determining which direction I should take. This class has been helpful in creating supplementary materials when I think about other content in line with this class. I consider it a class that will allow me to decorate my lessons in a diverse way using various materials that will be available in the future."
"전혀 몰랐던 세상을 새롭게 알도록 해준 수업입니다. 이 수업을 수강 하기 전에는 코딩이 의미하는 바가 무엇인 지에 대해서 조차 생각해본 적이 없기 때문에 당연히 그것이 어떻게 수업에 사용될 수 있을 지에 대해서도 생각해본 적이 없었습니다. 하지만 이 수업을 들은 뒤 수업을 구성하는 패러다임이 바뀌었고, 바뀐 패러다임을 완성하기 위해 필요한 다양한 도구들을 알게 되어서 미래 교직 생활에 있어 큰 도움이 될 것 같습니다.","왜'에 대한 의문을 시원하게 해결하지 못한 점이 어려웠습니다. 이것은 기본적으로 제가 코딩에 대한 지식이 전무했기 때문인데, 어떤 코드를 넣었을 때 어떤 결과가 나오는 지에 대한 제대로 된 이해 없이 그저 복사하고 붙여 넣는 것만 한 것 같아 아쉬웠고, 이해가 되지 않아 어려웠습니다.","This is a class that has allowed me to discover a whole new world. Before taking this class, I had never even thought about what coding meant or how it could be used in a class. However, after taking this class, the paradigm of the class has changed, and I have learned about various tools needed to complete this new paradigm. It seems like it will be a great help in my future teaching career."
"코딩이라는 것을 처음 접하고, 지금까지 인터넷 등에서 접했던 데이터들(e.g. 주소, 에러 코드, HTML코드 등등) 의 구조를 간단하게라도 알게 되어 견문이 넓어진 것 같습니다.",빈약한 창의성으로 원하는 코드를 짜는게 제일 힘들었습니다,"After encountering coding for the first time, I feel like my perspective has broadened as I have gained at least a basic understanding of the structure of various data I have encountered on the internet, such as addresses, error codes, HTML codes, and so on."
"디지털리터러시 수업을 수강하면서 그전에는 알지 못했던 디지털 리터러시 능력의 중요성에 대해 알게 되었다. 가끔씩 초등학교때 코딩 교육을 한다는 소식을 듣긴 했지만 나는 코딩이 무엇인지 전혀 몰랐기 때문에 그 중요성을 인지하지 못하고 있었는데 이번 수업을 통해서 코딩이 왜 중요하고 필요한지 배우게 되었다. 
만약 내가 임용에 합격해서 선생님이 되었는데, 이 수업을 듣지 못했다면 여전히 코딩에 대해서 몰랐을 것이고 나의 부족함이 학생들에게 악영향을 미쳤을 것 같다. 그전까지 나는 코딩이 쓸모없는 것, 그냥 공대생들이 취업하기 위해 하는 것 정도로만 알고 있었는데 앞으로의 사회에서는 꼭 필요한 능력이라고 느꼈고, 좋은 교사가 되기 위해선 이러한 트렌드에 빨리 탑승해서 학생들에게 제시할 수 있어야 함을 느끼게 되었다.
",코딩을 처음 접하다 보니 코딩을 이해하고 활용하는 과정 자체가 어려웠다.,"While taking the Digital Literacy class, I learned about the importance of digital literacy skills that I was not aware of before. I had occasionally heard news about coding education in elementary school, but since I had no idea what coding was, I couldn't recognize its significance. However, through this class, I learned why coding is important and necessary. 

If I were to pass the teaching exam and become a teacher without taking this class, I would still have been ignorant about coding, and I believe my lack of knowledge would have had a negative impact on my students. Until then, I thought coding was useless, something that engineering students did just to get jobs. However, I realized that it is an essential skill in the future society, and I felt that in order to become a good teacher, I need to quickly get on board with this trend and present it to my students.

(Translation of the provided text)"
"코딩에 대해서 거부감을 느끼고 많이 어렵게 느껴졌는데, 코드를 만들어서 자신감을 가지게 되어 뿌듯함을 느낍니다.","주어진 코드를 그대로 썼는데, 실행이 되지 않을 때, 당황스러운 적이 많았고, 복잡한 코드를 많이 써보지 않아 시험 칠 때도 어려웠던 것 같습니다.","I felt a resistance towards coding and found it quite difficult, but I feel a sense of accomplishment and pride in creating code and gaining confidence."
코딩을 항상 들어만 보고 자세히 알아본 적이 없었는데 이렇게 본격적으로 배울 수 있는 기회가 생겨서 좋았습니다. 앞으로 추가적으로 배울 기회가 생긴다면 그에 대한 진입 장벽을 훨씬 줄여준거 같다는 생각입니다. 내용은 제 기준에서는 많이 어려웠습니다. 컴퓨터를 만지는 일 자체에 익숙하지 않다 보니 키보드를 가지고 작업을 한다는 거만 해도 벅찼던거 같습니다. 그래도 내용이 어렵다거나 하지는 않았던거 같습니다. 몇가지만 공부하면 충분히 숙지할 수 있는 내용이었고 기본적이 몇가지를 알게 된다면 그 뒤엔 응용하는 부분이 많이 차지하는 거 같았습니다. 또한 시험은 외워서 치는 거였지만 실제로 사용을 하게 될땐 다른곳에서 필요한 부분을 선택을 하면 될 정도의 능력을 갖추게 되었습니다.,디지털로 무언갈 배우는 게 익숙치 않아서 힘들었습니다,"""I had never really taken the time to look closely at coding, just observing it from a distance. So, it was great to have the opportunity to learn it in a more systematic way. If I have future opportunities to learn more, I think it will greatly reduce the entry barrier. The content was quite challenging from my perspective. Since I'm not familiar with working with computers, even just using the keyboard was overwhelming. However, the content itself wasn't difficult. It was something that I could grasp sufficiently by studying a few basics, and it seemed that the majority of the focus would be on applying those fundamentals. Furthermore, although the exam required memorization, I developed the ability to selectively apply what is needed in real-life situations."""
"다양한 코딩 함수들을 학습하고 다양한 프로젝트와 그룹 활동을 통해 학습한 코딩을 적용하여 문제를 풀어나가는 활동들이 흥미로웠다!
또 강의를 통해 친숙하지 않았던 Chat-GPT를 꾸준히 사용하며 방법을 익히게 되어 실생활에서도 자주 사용하게 되었다.
지금의 교육 환경이 예전과 많이 달라졌다는 것을 알게 되었고 그에 맞게 미래의 교사가 될 우리에게 어떠한 역량이 요구되는지 정확히 알 수 있었던 좋은 강의였다.","여러가지 코딩을 다양하게 응용해보는 것이 많이 어려웠다.
많은 코딩을 알아가기 보다 중요하고 기본적인 코딩을 다양한 응용 문제를 통해 정확히 알아가는 것도 나쁘지 않을 것 같다 ;)","I found a translation for you:
I found it fascinating to apply the coding I learned through various coding functions and solve problems by working on various projects and group activities. Additionally, by consistently using Chat-GPT through the lectures, which I was not familiar with, I became proficient in using it and now use it frequently in real life. I realized that the current educational environment has changed significantly from the past and this was a great lecture that allowed us, future teachers, to understand exactly what competencies are required of us."
이 수업을 듣기 전에는 교육에 AI가 중요하다는 것을 별로 실감하지 못했는데 수업을 들으면서 교사의 AI활용 능력의 중요성에 대해 몸소 실감하게 되었다. 또 전체 수업을 다 AI로 진행하는 것이 아니라 어느 파트를 수업할 때 AI를 사용하는 것이 효과적인지 고민해보게 되었다.,모르는 코딩이 많아서 파이널 프로젝트를 할 때 chatgpt한테 코드를 짜달라고 부탁했는데 내가 원하는 대로 코딩을 안 짜줘서 어려움을 겪었다. 이를 통해서 chatgpt가 알아들을 수 있도록 질문을 원하는 것을 구체적으로 확실하게 물어봐야 한다는 것을 알았다.,"Before taking this class, I didn't really realize the importance of AI in education. However, as I took the class, I personally experienced the significance of teachers' AI utilization skills. I also started to think about when it would be effective to use AI in teaching, rather than conducting the entire class with AI."
"Steve AI, DALL-E 등 다양한 디지털 도구를 알게 되어, 다른 수업에서도 활용을 자주 하고 있다는 점에서 유용했습니다. 이 강의를 수강하기 전에는 코딩의 ㅋ자도 모를만큼 무지했지만 이제는 코딩의 기초지식은 수립한 것 같습니다. 또한 제가 코딩에 매우 약하다는 사실도 깨닫게 되었습니다.. 앞으로 더욱 4차 산업이 발달하면서 디지털을 활용하는 빈도도 증가할 것을 고려하면 도움이 됐던 수업이었습니다. 사범대에 오게 되면서 이런 강의를 수강하게 될 줄은 몰랐는데, 좀 더 넓은 시야를 가지게 된 것 같아 좋은 것 같습니다. 교사라는 직군을 떠나서, 코딩은 다양한 영역에 사용될 수 있다는 것을 고려했을 때, 이 수업은 도움이 되는 수업이었습니다.","코딩 시험이 어려웠습니다. 코딩이 안그래도 힘들고, 어려운데 머리에 꾸역꾸역 넣자니 힘들었습니다.. 코딩을 배우는 그 과정에선 즐겁고 흥미로웠지만 시험에 대한 부담감이 컸습니다. 시험에 대한 부담감을 줄일 수 있다면 좋을 것 같습니다.","It was helpful to learn about various digital tools such as Steve AI and DALL-E, as I have been able to utilize them frequently in other classes as well. Before taking this course, I was completely ignorant about coding, not even knowing the basics of C. However, now I feel that I have established a foundation of coding knowledge. I also realized that I am very weak in coding. Considering that the frequency of using digital tools will increase with the development of the Fourth Industrial Revolution, this course has been helpful. I never expected to take such a course when I entered the teacher's college, but I feel that it has broadened my perspective. Considering that coding can be used in various fields beyond the profession of a teacher, this course has been beneficial."
예전에는 이.공계열에서만 주로 하던 코딩이지만 시대가 점점 변하면서 어느 계열이든 코딩은 꼭 필수적이라는 것을 깨닫게 되었다. 특히 1:1이 아닌 1:다수를 가르치는 학교 교사로서는 학생 개개인을 일일이 지켜볼 수 없기 때문에 디지털 리터러시를 이용한 수업이 필요하다고 생각한다. 특히 퀴즈 프로그램 같은 경우에는 학생이 시공간의 제약을 받지 않고 본인이 해보고 싶은 부분만 해볼 수 있기 때문에 이런 점이 학습에 매우 도움이 된다고 생각했다. 또한 예전 같았으면 수업에서 종이를 일일이 나눠주고 활동을 했던 것들이 종이를 쓰지 않고 디지털 상으로 할 수 있다는 점이 매우 효율적이다. 이 수업에서 영어 수업에 관련된 다양한 디지털 도구를 알아간 것이 가장 나에게 도움이 됐다.,"예전에 C++에 대해 간단하게 배웠는데, 파이썬은 배워본 적이 없어 둘 사이의 비슷한 점도 많았지만 다른 점도 많아 코딩 그 자체가 막힐 때가 종종 있었다.","In the past, coding was mainly done in the engineering and science fields, but as time goes by, I have come to realize that coding is essential in any field. As a teacher in a school where I teach multiple students rather than one-on-one, I believe that digital literacy is necessary in order to effectively teach each individual student. In particular, with quiz programs, students can choose to work on the areas they want to without the constraints of time and space, which I think is very helpful for learning. Furthermore, it is very efficient that activities that used to be done with paper in the past can now be done digitally without the need for physical materials. The most helpful thing for me in this class was learning about various digital tools related to English lessons."
"이 과목을 수강하고자 했던 가장 큰 이유는 졸업 학점 요건을 충족하기 위해서였지만, 수업을 들으며 느꼈던 부분들에 대해 이야기하고자 합니다. 첫 번째로, 미래의 교육자로서 교육의 디지털화에 대한 시각이 달라졌습니다. 파워포인트나 유튜브를 활용하는 것 만이 진보된 교구가 아니라는 점이었습니다. 또 다른 점은, 그 디지털화에 교사가 같이 할 수 있다는 것이었습니다. 기존에 만들어진 동영상, 자료가 아니라, 교사가 필요한 교구를 직접 만들어 수업에 활용할 수 있기에, 디지털 리터러시 수업이 미래의 교사로서 함양해야 할 역량을 길러준다고 생각했습니다.","코딩을 익히는 것 뿐 아니라, 코딩을 익히기 위해 사용해야 하는 툴(colab, github)을 활용하는 데에 익숙해지는 과정이 더 필요했습니다. 코딩 자체는 어려운 게 아니었지만, 코드를 활용해 문제를 해결하는 응용력을 기르는 연습이 더 있었으면 좋겠다고 생각했습니다.","The biggest reason I wanted to take this course was to fulfill the graduation credit requirements, but I would like to talk about the aspects I felt while attending the class. First, my perspective on the digitalization of education changed as a future educator. It was not just about using PowerPoint or YouTube; it was about realizing that they are not the only advanced teaching tools. Another point was that teachers can participate in this digitalization. Instead of using pre-made videos or materials, teachers can create the teaching materials they need themselves and utilize them in class. Therefore, I thought that digital literacy classes cultivate the competencies that future teachers should develop."
"이번에 디지털리터러시 수업을 수강하면서 교육에서 인공지능이 어떻게 활용되어야 할지에 대해 고민해볼 수 있었습니다. 이 수업을 수강하지 않았다면 실제 학교 현장에서 다양한 매체들이 어떤 방식으로 사용되는지 몰랐을 것이고, 현실 감각이 무딘 사람으로 남았을 것 같습니다. 그리고 코딩에 대해서도 조금 친숙해진 느낌입니다.",처음엔 간단한 파이썬 코드를 작성하는 것도 어려워서 수업을 수강할 때 어려움이 많았습니다.,"While taking the Digital Literacy class this time, I was able to contemplate how artificial intelligence should be utilized in education. If I hadn't taken this class, I wouldn't have known how various media are used in actual school settings, and I would have remained someone with dulled senses of reality. Additionally, I feel like I have become somewhat familiar with coding."
,,
,,
,,
,,
,,
,,
,,
,,
,,
,,
,,
,,
,,
,,
,,
,,
,,
,,
,,
,,
,,
,,
,,
,,
,,
,,
,,
,,
,,
,,
,,
,,
,,
,,
,,
,,
,,
,,
,,
,,
,,
,,
,,
,,
,,
,,
,,
,,
,,
,,
,,
,,
,,
,,
,,
,,
,,
,,
,,
,,
,,
,,
,,
,,
,,
,,
,,
,,
,,
,,
,,
,,
,,
,,
,,
,,
,,
,,
,,
,,
,,
,,
,,
,,
,,
,,
,,
,,
,,
,,
,,
,,
,,
,,
,,
,,
,,
,,
,,
,,
