ID,L1,L3,Age,L2Onset,StayOfPurpose,EngResidence,LOR,Target,Filename,Recognized,LenS,LenR,N_RecW,RecRate,Recognized_words,MissRec_words,WER,WER_lev
3,korean ,spanish,19,17,academic,usa,0.6,"Please call Stella.  Ask her to bring these things with her from the store:  Six spoons of fresh snow peas, five thick slabs of blue cheese, and maybe a snack for her brother Bob.  We also need a small plastic snake and a big toy frog for the kids.  She can scoop these things into three red bags, and we will go meet her Wednesday at the train station.",korean3.mp3,"Please call Stella, ask her to bring this thing with her from the store. 6 spoons of fresh snow peas, 5 sticks left of blue cheese and maybe a snack for her brother Bob. We also need a small plastic snake and a big toy frog for the kids. She can scoop these things into 3 red bags and we will go meet her when I stay at the train station.",69,71,61,88.41,"please, call, stella, ask, her, to, bring, with, her, from, the, store, spoons, of, fresh, snow, peas, of, blue, cheese, and, maybe, a, snack, for, her, brother, bob, we, also, need, a, small, plastic, snake, and, a, big, toy, frog, for, the, kids, she, can, scoop, these, things, into, red, bags, and, we, will, go, meet, her, at, the, train, station","this, thing, 6, 5, sticks, left, 3, when, i, stay",0.21739130434782608,0.4927536231884058
4,korean ,none,29,15,academic,usa,2.0,"Please call Stella.  Ask her to bring these things with her from the store:  Six spoons of fresh snow peas, five thick slabs of blue cheese, and maybe a snack for her brother Bob.  We also need a small plastic snake and a big toy frog for the kids.  She can scoop these things into three red bags, and we will go meet her Wednesday at the train station.",korean4.mp3,"Please call Stella. Ask her to bring these things with her from the store. Six spoons of fresh snow peas, five thick slabs of blue cheese, and maybe a snack for her brother Bob. We also need a small plastic snake and a big toy frog for the kids. She can scoop these things into three red bags and we will go meet her Wednesday at the train station.",69,69,69,100.0,"please, call, stella, ask, her, to, bring, these, things, with, her, from, the, store, six, spoons, of, fresh, snow, peas, five, thick, slabs, of, blue, cheese, and, maybe, a, snack, for, her, brother, bob, we, also, need, a, small, plastic, snake, and, a, big, toy, frog, for, the, kids, she, can, scoop, these, things, into, three, red, bags, and, we, will, go, meet, her, wednesday, at, the, train, station",,0.028985507246376812,0.028985507246376812
5,korean ,none,50,12,academic,usa,23.0,"Please call Stella.  Ask her to bring these things with her from the store:  Six spoons of fresh snow peas, five thick slabs of blue cheese, and maybe a snack for her brother Bob.  We also need a small plastic snake and a big toy frog for the kids.  She can scoop these things into three red bags, and we will go meet her Wednesday at the train station.",korean5.mp3,"Please call Stella. Ask her to bring these things with her from the store. Six spoons of fresh snow peas, five sticks of blue cheese, and maybe a snake of her brother Bob. We also need a small plastic snake and a big toy frog for the kids. She can scoop these things into three red bags and we will go meet her Wednesday at the train station.",69,68,67,97.1,"please, call, stella, ask, her, to, bring, these, things, with, her, from, the, store, six, spoons, of, fresh, snow, peas, five, of, blue, cheese, and, maybe, a, snake, of, her, brother, bob, we, also, need, a, small, plastic, snake, and, a, big, toy, frog, for, the, kids, she, can, scoop, these, things, into, three, red, bags, and, we, will, go, meet, her, wednesday, at, the, train, station",sticks,0.08695652173913043,0.18840579710144928
8,korean ,none,39,13,academic,usa,10.0,"Please call Stella.  Ask her to bring these things with her from the store:  Six spoons of fresh snow peas, five thick slabs of blue cheese, and maybe a snack for her brother Bob.  We also need a small plastic snake and a big toy frog for the kids.  She can scoop these things into three red bags, and we will go meet her Wednesday at the train station.",korean8.mp3,Please call Stella. Ask her to bring these things with her from the store. Six spoons of fresh snow peas. Five thick slabs of blue cheese. And maybe a snack for her brother Bob. We also need a small plastic snack and a big toy frog for the kids. She can scoop these things into three red bags and we will go meet her Wednesday at the train station.,69,69,69,100.0,"please, call, stella, ask, her, to, bring, these, things, with, her, from, the, store, six, spoons, of, fresh, snow, peas, five, thick, slabs, of, blue, cheese, and, maybe, a, snack, for, her, brother, bob, we, also, need, a, small, plastic, snack, and, a, big, toy, frog, for, the, kids, she, can, scoop, these, things, into, three, red, bags, and, we, will, go, meet, her, wednesday, at, the, train, station",,0.10144927536231885,0.11594202898550725
23,korean ,japanese,49,12,academic,usa,5.0,"Please call Stella.  Ask her to bring these things with her from the store:  Six spoons of fresh snow peas, five thick slabs of blue cheese, and maybe a snack for her brother Bob.  We also need a small plastic snake and a big toy frog for the kids.  She can scoop these things into three red bags, and we will go meet her Wednesday at the train station.",korean23.mp3,"Please call Stella, ask her to bring these things with her from the store. 6 spoons of fresh snow peas, 5 thick slabs of blue cheese, and maybe a snack for her brother Bob. We also need a small plastic snake and a big toy frog for the kids. She can scoop these things into three red bags and will go meet her Wednesday at the train station.",69,68,66,95.65,"please, call, stella, ask, her, to, bring, these, things, with, her, from, the, store, spoons, of, fresh, snow, peas, thick, slabs, of, blue, cheese, and, maybe, a, snack, for, her, brother, bob, we, also, need, a, small, plastic, snake, and, a, big, toy, frog, for, the, kids, she, can, scoop, these, things, into, three, red, bags, and, will, go, meet, her, wednesday, at, the, train, station","6, 5",0.10144927536231885,0.2028985507246377
28,korean ,spanish,62,13,academic,usa,17.0,"Please call Stella.  Ask her to bring these things with her from the store:  Six spoons of fresh snow peas, five thick slabs of blue cheese, and maybe a snack for her brother Bob.  We also need a small plastic snake and a big toy frog for the kids.  She can scoop these things into three red bags, and we will go meet her Wednesday at the train station.",korean28.mp3,"Please call Stella, ask her to bring these things with her from the store. Six spoons of fresh snow peas, five servings of blue cheese, and maybe a snack for her brother Bob. We also need a small plastic snack and a big toy frog for the kids. She can scoop these things into their red bag and we'll go meet her Wednesday at the train station.",69,68,64,92.75,"please, call, stella, ask, her, to, bring, these, things, with, her, from, the, store, six, spoons, of, fresh, snow, peas, five, of, blue, cheese, and, maybe, a, snack, for, her, brother, bob, we, also, need, a, small, plastic, snack, and, a, big, toy, frog, for, the, kids, she, can, scoop, these, things, into, red, and, we, go, meet, her, wednesday, at, the, train, station","servings, their, bag, ll",0.14492753623188406,0.3333333333333333
30,korean ,none,49,14,academic,usa,26.0,"Please call Stella.  Ask her to bring these things with her from the store:  Six spoons of fresh snow peas, five thick slabs of blue cheese, and maybe a snack for her brother Bob.  We also need a small plastic snake and a big toy frog for the kids.  She can scoop these things into three red bags, and we will go meet her Wednesday at the train station.",korean30.mp3,"스텔라 sculpt if roll paper 가게에서 literary 금토를 담아와 흰눈고기도 십 스푼 노란소�aría 반죽슬라 little 맛을 보성 journal 작은 raspberry previous LP 작동물인 조각 mumcture를 떼내서 3개의 빨간 방으로 공삼을 만들 수 있어요 다른 날, wszystko 한편으로 여지께 가서 at the train station.",69,44,4,5.8,"at, the, train, station","스텔라, sculpt, if, roll, paper, 가게에서, literary, 금토를, 담아와, 흰눈고기도, 십, 스푼, 노란소, aría, 반죽슬라, little, 맛을, 보성, journal, 작은, raspberry, previous, lp, 작동물인, 조각, mumcture를, 떼내서, 3개의, 빨간, 방으로, 공삼을, 만들, 수, 있어요, 다른, 날, wszystko, 한편으로, 여지께, 가서",0.9420289855072463,3.7971014492753623
31,korean ,none,18,7,academic,usa,2.0,"Please call Stella.  Ask her to bring these things with her from the store:  Six spoons of fresh snow peas, five thick slabs of blue cheese, and maybe a snack for her brother Bob.  We also need a small plastic snake and a big toy frog for the kids.  She can scoop these things into three red bags, and we will go meet her Wednesday at the train station.",korean31.mp3,"Please call Stella. Ask her to bring these things with her from the store. Six spoons of fresh snow, piece five thick slabs of blue cheese and maybe a snack for a brother Bob. We also need a small plastic snake and a big toy frog for the kids. She can scoop these things into three red bags and we will go meet her Wednesday at the train station.",69,69,68,98.55,"please, call, stella, ask, her, to, bring, these, things, with, her, from, the, store, six, spoons, of, fresh, snow, five, thick, slabs, of, blue, cheese, and, maybe, a, snack, for, a, brother, bob, we, also, need, a, small, plastic, snake, and, a, big, toy, frog, for, the, kids, she, can, scoop, these, things, into, three, red, bags, and, we, will, go, meet, her, wednesday, at, the, train, station",piece,0.08695652173913043,0.15942028985507245
32,korean ,none,35,28,naturalistic,usa,7.0,"Please call Stella.  Ask her to bring these things with her from the store:  Six spoons of fresh snow peas, five thick slabs of blue cheese, and maybe a snack for her brother Bob.  We also need a small plastic snake and a big toy frog for the kids.  She can scoop these things into three red bags, and we will go meet her Wednesday at the train station.",korean32.mp3,"Please call Stella. Ask her to bring these things with her from the store. Six spoons of fresh snow peas, five thick slabs of blue cheese, and maybe a snack for her brother Bob. We also need a small plastic snack and a big toy frog for the kid. She can scoop these things into three red bags and we will go meet her Wednesday at the train station.",69,69,68,98.55,"please, call, stella, ask, her, to, bring, these, things, with, her, from, the, store, six, spoons, of, fresh, snow, peas, five, thick, slabs, of, blue, cheese, and, maybe, a, snack, for, her, brother, bob, we, also, need, a, small, plastic, snack, and, a, big, toy, frog, for, the, she, can, scoop, these, things, into, three, red, bags, and, we, will, go, meet, her, wednesday, at, the, train, station",kid,0.057971014492753624,0.07246376811594203
34,korean ,japanese,20,11,academic,usa,6.0,"Please call Stella.  Ask her to bring these things with her from the store:  Six spoons of fresh snow peas, five thick slabs of blue cheese, and maybe a snack for her brother Bob.  We also need a small plastic snake and a big toy frog for the kids.  She can scoop these things into three red bags, and we will go meet her Wednesday at the train station.",korean34.mp3,"Please call Stella. Ask her to bring these things with her from the store. Six spoons of fresh snow peas, five thick slabs of blue cheese, and maybe a snack for her brother Bob. We also need a small plastic snake and a big toy frog for the kids. She can scoop these things into three red bags and we go meet her Wednesday at the train station.",69,68,68,98.55,"please, call, stella, ask, her, to, bring, these, things, with, her, from, the, store, six, spoons, of, fresh, snow, peas, five, thick, slabs, of, blue, cheese, and, maybe, a, snack, for, her, brother, bob, we, also, need, a, small, plastic, snake, and, a, big, toy, frog, for, the, kids, she, can, scoop, these, things, into, three, red, bags, and, we, go, meet, her, wednesday, at, the, train, station",,0.043478260869565216,0.10144927536231885
37,korean ,none,27,14,academic,usa,13.0,"Please call Stella.  Ask her to bring these things with her from the store:  Six spoons of fresh snow peas, five thick slabs of blue cheese, and maybe a snack for her brother Bob.  We also need a small plastic snake and a big toy frog for the kids.  She can scoop these things into three red bags, and we will go meet her Wednesday at the train station.",korean37.mp3,"Please call Stella, ask her to bring these things with her from the store. Six spoons of fresh snow peas, five thick slabs of blue cheese, and maybe a snack for her brother Bob. We also need a small plastic snake and a big toy frog for the kids. She can scoop these things into three red bags and we will go meet her Wednesday at the train station.",69,69,69,100.0,"please, call, stella, ask, her, to, bring, these, things, with, her, from, the, store, six, spoons, of, fresh, snow, peas, five, thick, slabs, of, blue, cheese, and, maybe, a, snack, for, her, brother, bob, we, also, need, a, small, plastic, snake, and, a, big, toy, frog, for, the, kids, she, can, scoop, these, things, into, three, red, bags, and, we, will, go, meet, her, wednesday, at, the, train, station",,0.057971014492753624,0.057971014492753624
40,korean ,chinese,21,17,academic,usa,2.0,"Please call Stella.  Ask her to bring these things with her from the store:  Six spoons of fresh snow peas, five thick slabs of blue cheese, and maybe a snack for her brother Bob.  We also need a small plastic snake and a big toy frog for the kids.  She can scoop these things into three red bags, and we will go meet her Wednesday at the train station.",korean40.mp3,"Please call Stella. Ask her to bring these things we're from the store. Six spoons of fresh snow peas, five thick slabs of blue cheese, and maybe a snack for her brother Bob. We also need a small plastic snake and a big toy frog for the kids. She can scoop these things into three red bags and we will go meet her Wednesday at the train station.",69,69,68,98.55,"please, call, stella, ask, her, to, bring, these, things, we, from, the, store, six, spoons, of, fresh, snow, peas, five, thick, slabs, of, blue, cheese, and, maybe, a, snack, for, her, brother, bob, we, also, need, a, small, plastic, snake, and, a, big, toy, frog, for, the, kids, she, can, scoop, these, things, into, three, red, bags, and, we, will, go, meet, her, wednesday, at, the, train, station",re,0.057971014492753624,0.11594202898550725
41,korean ,none,50,12,academic,usa,9.0,"Please call Stella.  Ask her to bring these things with her from the store:  Six spoons of fresh snow peas, five thick slabs of blue cheese, and maybe a snack for her brother Bob.  We also need a small plastic snake and a big toy frog for the kids.  She can scoop these things into three red bags, and we will go meet her Wednesday at the train station.",korean41.mp3,"Please call Stella and ask her to bring these things with her from the store. Six spoons of fresh snow peas, five thick slabs of blue cheese, and maybe a snack for her brother Bob. We also need a small plastic snack and a big toy frog for the kids. She can scoop these things into three red bags and we will go meet her Wednesday at the train station.",69,70,70,101.45,"please, call, stella, and, ask, her, to, bring, these, things, with, her, from, the, store, six, spoons, of, fresh, snow, peas, five, thick, slabs, of, blue, cheese, and, maybe, a, snack, for, her, brother, bob, we, also, need, a, small, plastic, snack, and, a, big, toy, frog, for, the, kids, she, can, scoop, these, things, into, three, red, bags, and, we, will, go, meet, her, wednesday, at, the, train, station",,0.08695652173913043,0.13043478260869565
46,korean ,japanese,21,21,academic,usa,0.3,"Please call Stella.  Ask her to bring these things with her from the store:  Six spoons of fresh snow peas, five thick slabs of blue cheese, and maybe a snack for her brother Bob.  We also need a small plastic snake and a big toy frog for the kids.  She can scoop these things into three red bags, and we will go meet her Wednesday at the train station.",korean46.mp3,"Please call Stella. Ask her to bring these things with her from the store. 6 spoons of fresh snow peas, 5-6 slaves of blue cheese, and maybe a snack for her brother Bob. We also need a small plastic snake and a big toy frog for the kids. She can scoop these things into 3 red bags and we will go meet her Wednesday at the train station.",69,69,64,92.75,"please, call, stella, ask, her, to, bring, these, things, with, her, from, the, store, spoons, of, fresh, snow, peas, of, blue, cheese, and, maybe, a, snack, for, her, brother, bob, we, also, need, a, small, plastic, snake, and, a, big, toy, frog, for, the, kids, she, can, scoop, these, things, into, red, bags, and, we, will, go, meet, her, wednesday, at, the, train, station","6, 5, 6, slaves, 3",0.10144927536231885,0.3188405797101449
53,korean ,spanish,25,9,academic,usa,16.0,"Please call Stella.  Ask her to bring these things with her from the store:  Six spoons of fresh snow peas, five thick slabs of blue cheese, and maybe a snack for her brother Bob.  We also need a small plastic snake and a big toy frog for the kids.  She can scoop these things into three red bags, and we will go meet her Wednesday at the train station.",korean53.mp3,"Please call Stella. Ask her to bring these things with her from the store. Six spoons of fresh snow peas, five thick slabs of blue cheese, and maybe a snack of her brother Bob. We also need a small plastic snake and a big toy frog with the kids. She can scoop these things into three red bags and we will go meet her Wednesday at the train station.",69,69,69,100.0,"please, call, stella, ask, her, to, bring, these, things, with, her, from, the, store, six, spoons, of, fresh, snow, peas, five, thick, slabs, of, blue, cheese, and, maybe, a, snack, of, her, brother, bob, we, also, need, a, small, plastic, snake, and, a, big, toy, frog, with, the, kids, she, can, scoop, these, things, into, three, red, bags, and, we, will, go, meet, her, wednesday, at, the, train, station",,0.057971014492753624,0.11594202898550725
56,korean ,tagalog,20,7,naturalistic,usa,3.0,"Please call Stella.  Ask her to bring these things with her from the store:  Six spoons of fresh snow peas, five thick slabs of blue cheese, and maybe a snack for her brother Bob.  We also need a small plastic snake and a big toy frog for the kids.  She can scoop these things into three red bags, and we will go meet her Wednesday at the train station.",korean56.mp3,"Please call Stella. Ask her to bring these things with her from the store. Six spoons of fresh snow peas, five thick slabs of blue cheese, and maybe a snack for her brother Bob. We also need a small plastic snake and a big toy frog for the kids. She can scoop these things into three red bags and we will go meet her Wednesday at the train station.",69,69,69,100.0,"please, call, stella, ask, her, to, bring, these, things, with, her, from, the, store, six, spoons, of, fresh, snow, peas, five, thick, slabs, of, blue, cheese, and, maybe, a, snack, for, her, brother, bob, we, also, need, a, small, plastic, snake, and, a, big, toy, frog, for, the, kids, she, can, scoop, these, things, into, three, red, bags, and, we, will, go, meet, her, wednesday, at, the, train, station",,0.028985507246376812,0.028985507246376812
58,korean ,japanese,22,11,academic,usa,6.0,"Please call Stella.  Ask her to bring these things with her from the store:  Six spoons of fresh snow peas, five thick slabs of blue cheese, and maybe a snack for her brother Bob.  We also need a small plastic snake and a big toy frog for the kids.  She can scoop these things into three red bags, and we will go meet her Wednesday at the train station.",korean58.mp3,"Please call Stella, ask her to bring these things with her from the store. Six spoons of fresh snow peas, five thick slabs of blue cheese, and maybe a snack for her brother Bob. We also need a small plastic snake and a big toy frog for the kids. She can scoop these things into three bread bags and we'll go meet her Wednesday at the train station.",69,69,67,97.1,"please, call, stella, ask, her, to, bring, these, things, with, her, from, the, store, six, spoons, of, fresh, snow, peas, five, thick, slabs, of, blue, cheese, and, maybe, a, snack, for, her, brother, bob, we, also, need, a, small, plastic, snake, and, a, big, toy, frog, for, the, kids, she, can, scoop, these, things, into, three, bags, and, we, go, meet, her, wednesday, at, the, train, station","bread, ll",0.10144927536231885,0.13043478260869565
59,korean ,none,37,12,academic,usa,0.2,"Please call Stella.  Ask her to bring these things with her from the store:  Six spoons of fresh snow peas, five thick slabs of blue cheese, and maybe a snack for her brother Bob.  We also need a small plastic snake and a big toy frog for the kids.  She can scoop these things into three red bags, and we will go meet her Wednesday at the train station.",korean59.mp3,"Please call Stella, ask her to bring these things with her from the store. Six spoons of fresh snow peas, five thick slabs of blue cheese, and maybe a snack for her brother Bob. We also need a small plastic snack and a big toy frog for the kids. She can scoop these things into three red bags and we will go meet her Wednesday at the train station.",69,69,69,100.0,"please, call, stella, ask, her, to, bring, these, things, with, her, from, the, store, six, spoons, of, fresh, snow, peas, five, thick, slabs, of, blue, cheese, and, maybe, a, snack, for, her, brother, bob, we, also, need, a, small, plastic, snack, and, a, big, toy, frog, for, the, kids, she, can, scoop, these, things, into, three, red, bags, and, we, will, go, meet, her, wednesday, at, the, train, station",,0.07246376811594203,0.08695652173913043
66,korean ,french,21,5,academic,usa,0.1,"Please call Stella.  Ask her to bring these things with her from the store:  Six spoons of fresh snow peas, five thick slabs of blue cheese, and maybe a snack for her brother Bob.  We also need a small plastic snake and a big toy frog for the kids.  She can scoop these things into three red bags, and we will go meet her Wednesday at the train station.",korean66.mp3,"Please call Stella. Ask her to bring these things with her from the store. Six spoons of fresh snow peas, five thick slabs of blue cheese, and maybe a snack for her brother Bob. We also need a small plastic snake and a big toy frog for the kids. She can scoop these things into three red bags and we will go meet her Wednesday at the train station.",69,69,69,100.0,"please, call, stella, ask, her, to, bring, these, things, with, her, from, the, store, six, spoons, of, fresh, snow, peas, five, thick, slabs, of, blue, cheese, and, maybe, a, snack, for, her, brother, bob, we, also, need, a, small, plastic, snake, and, a, big, toy, frog, for, the, kids, she, can, scoop, these, things, into, three, red, bags, and, we, will, go, meet, her, wednesday, at, the, train, station",,0.028985507246376812,0.028985507246376812
67,korean ,"japanes, french",21,5,academic,usa,0.1,"Please call Stella.  Ask her to bring these things with her from the store:  Six spoons of fresh snow peas, five thick slabs of blue cheese, and maybe a snack for her brother Bob.  We also need a small plastic snake and a big toy frog for the kids.  She can scoop these things into three red bags, and we will go meet her Wednesday at the train station.",korean67.mp3,"Please call Stella. Ask her to bring these things with her from the store. Six spoons of fresh snow peas, five thick slabs of blue cheese, and maybe a snack for her brother Bob. We also need a small plastic snake and a big toy frog for the kids. She can scoop these things into three red bags and we'll go meet her Wednesday at the train station.",69,69,68,98.55,"please, call, stella, ask, her, to, bring, these, things, with, her, from, the, store, six, spoons, of, fresh, snow, peas, five, thick, slabs, of, blue, cheese, and, maybe, a, snack, for, her, brother, bob, we, also, need, a, small, plastic, snake, and, a, big, toy, frog, for, the, kids, she, can, scoop, these, things, into, three, red, bags, and, we, go, meet, her, wednesday, at, the, train, station",ll,0.057971014492753624,0.07246376811594203
68,korean ,spanish,62,25,academic,usa,34.0,"Please call Stella.  Ask her to bring these things with her from the store:  Six spoons of fresh snow peas, five thick slabs of blue cheese, and maybe a snack for her brother Bob.  We also need a small plastic snake and a big toy frog for the kids.  She can scoop these things into three red bags, and we will go meet her Wednesday at the train station.",korean68.mp3,"Please call Stella. Ask her to bring these things with her for the store. From the store, 6 spoons of fresh snow peas, 5 thick slab of blue cheese, and maybe a snack for her brother Bob. We also need a small plastic snack and a big toy frog for the kids. You can scoop these things into 3 red bags and we will go meet her Wednesday at the train station.",69,72,67,97.1,"please, call, stella, ask, her, to, bring, these, things, with, her, for, the, store, from, the, store, spoons, of, fresh, snow, peas, thick, of, blue, cheese, and, maybe, a, snack, for, her, brother, bob, we, also, need, a, small, plastic, snack, and, a, big, toy, frog, for, the, kids, can, scoop, these, things, into, red, bags, and, we, will, go, meet, her, wednesday, at, the, train, station","6, 5, slab, you, 3",0.15942028985507245,0.5072463768115942
70,korean ,none,53,3,academic,usa,15.0,"Please call Stella.  Ask her to bring these things with her from the store:  Six spoons of fresh snow peas, five thick slabs of blue cheese, and maybe a snack for her brother Bob.  We also need a small plastic snake and a big toy frog for the kids.  She can scoop these things into three red bags, and we will go meet her Wednesday at the train station.",korean70.mp3,"Please call Stella. Ask her to bring these things with her from the store. Six spoons of fresh snow peas, five thick slabs of blue cheese, and maybe a snack for her brother Bob. We also need a small plastic snack and a big toy frog for the kids. She can scoop these things into three red bags and we will go meet her Wednesday at the train station.",69,69,69,100.0,"please, call, stella, ask, her, to, bring, these, things, with, her, from, the, store, six, spoons, of, fresh, snow, peas, five, thick, slabs, of, blue, cheese, and, maybe, a, snack, for, her, brother, bob, we, also, need, a, small, plastic, snack, and, a, big, toy, frog, for, the, kids, she, can, scoop, these, things, into, three, red, bags, and, we, will, go, meet, her, wednesday, at, the, train, station",,0.043478260869565216,0.057971014492753624
74,korean ,none,20,10,academic,usa,11.0,"Please call Stella.  Ask her to bring these things with her from the store:  Six spoons of fresh snow peas, five thick slabs of blue cheese, and maybe a snack for her brother Bob.  We also need a small plastic snake and a big toy frog for the kids.  She can scoop these things into three red bags, and we will go meet her Wednesday at the train station.",korean74.mp3,"Please call Stella. Ask her to bring these things with her from the store. Six spoons of fresh snow peas, five thick slabs of blue cheese, and maybe a snack for her brother Bob. We also need a small plastic snake and a big toy frog for the kids. She can scoop these things into three red bags and we will go meet her Wednesday at the train station.",69,69,69,100.0,"please, call, stella, ask, her, to, bring, these, things, with, her, from, the, store, six, spoons, of, fresh, snow, peas, five, thick, slabs, of, blue, cheese, and, maybe, a, snack, for, her, brother, bob, we, also, need, a, small, plastic, snake, and, a, big, toy, frog, for, the, kids, she, can, scoop, these, things, into, three, red, bags, and, we, will, go, meet, her, wednesday, at, the, train, station",,0.028985507246376812,0.028985507246376812
77,korean ,chinese,20,5,academic,usa,0.9,"Please call Stella.  Ask her to bring these things with her from the store:  Six spoons of fresh snow peas, five thick slabs of blue cheese, and maybe a snack for her brother Bob.  We also need a small plastic snake and a big toy frog for the kids.  She can scoop these things into three red bags, and we will go meet her Wednesday at the train station.",korean77.mp3,"Please call Stella. Ask her to bring these things with her from the store. Six spoons of fresh snow peas, five thick slabs of blue cheese, and maybe a snack for her brother Bob. We also need a small plastic snake and a big toy frog for the keys. She can scoop these things into three red bags and we will go meet her Wednesday at the train station.",69,69,68,98.55,"please, call, stella, ask, her, to, bring, these, things, with, her, from, the, store, six, spoons, of, fresh, snow, peas, five, thick, slabs, of, blue, cheese, and, maybe, a, snack, for, her, brother, bob, we, also, need, a, small, plastic, snake, and, a, big, toy, frog, for, the, she, can, scoop, these, things, into, three, red, bags, and, we, will, go, meet, her, wednesday, at, the, train, station",keys,0.043478260869565216,0.057971014492753624
80,korean ,"japanese, spanish",42,13,academic,usa,19.0,"Please call Stella.  Ask her to bring these things with her from the store:  Six spoons of fresh snow peas, five thick slabs of blue cheese, and maybe a snack for her brother Bob.  We also need a small plastic snake and a big toy frog for the kids.  She can scoop these things into three red bags, and we will go meet her Wednesday at the train station.",korean80.mp3,"Please call Stella. Ask her to bring these things with her from the store. Six spoons of fresh snow peas, five big slabs of blue cheese, and maybe a snack for her brother Bob. We also need a small plastic snake and a big toy frog for the kids. She can scoop these things into three red bags. We will go meet her Wednesday at the train station.",69,68,68,98.55,"please, call, stella, ask, her, to, bring, these, things, with, her, from, the, store, six, spoons, of, fresh, snow, peas, five, big, slabs, of, blue, cheese, and, maybe, a, snack, for, her, brother, bob, we, also, need, a, small, plastic, snake, and, a, big, toy, frog, for, the, kids, she, can, scoop, these, things, into, three, red, bags, we, will, go, meet, her, wednesday, at, the, train, station",,0.07246376811594203,0.15942028985507245
85,korean ,mandarin,20,14,academic,usa,5.0,"Please call Stella.  Ask her to bring these things with her from the store:  Six spoons of fresh snow peas, five thick slabs of blue cheese, and maybe a snack for her brother Bob.  We also need a small plastic snake and a big toy frog for the kids.  She can scoop these things into three red bags, and we will go meet her Wednesday at the train station.",korean85.mp3,"Please call Stella, ask her to bring these things with her from the store. Six spoons of fresh snow peas, five thick slabs of blue cheese, and maybe a snack for her brother Bob. We also need a small plastic snake and a big toy frog for the kids. She can scoop these things into three red bags and we'll go meet her Wednesday at the train station.",69,69,68,98.55,"please, call, stella, ask, her, to, bring, these, things, with, her, from, the, store, six, spoons, of, fresh, snow, peas, five, thick, slabs, of, blue, cheese, and, maybe, a, snack, for, her, brother, bob, we, also, need, a, small, plastic, snake, and, a, big, toy, frog, for, the, kids, she, can, scoop, these, things, into, three, red, bags, and, we, go, meet, her, wednesday, at, the, train, station",ll,0.08695652173913043,0.10144927536231885
86,korean ,mandarin,21,6,academic,singaporeusa,2.5,"Please call Stella.  Ask her to bring these things with her from the store:  Six spoons of fresh snow peas, five thick slabs of blue cheese, and maybe a snack for her brother Bob.  We also need a small plastic snake and a big toy frog for the kids.  She can scoop these things into three red bags, and we will go meet her Wednesday at the train station.",korean86.mp3,"Police called Stella asked her to bring these things with her from the store. Six spoons of fresh snow peas, five thick slabs of blue cheese, and maybe a snack for her brother Bob. We also need a small plastic snack and a big toy frog for the kids. She can scoop these things into three red bags and we will go meet her Wednesday at the train station.",69,69,66,95.65,"stella, her, to, bring, these, things, with, her, from, the, store, six, spoons, of, fresh, snow, peas, five, thick, slabs, of, blue, cheese, and, maybe, a, snack, for, her, brother, bob, we, also, need, a, small, plastic, snack, and, a, big, toy, frog, for, the, kids, she, can, scoop, these, things, into, three, red, bags, and, we, will, go, meet, her, wednesday, at, the, train, station","police, called, asked",0.10144927536231885,0.2028985507246377
88,korean ,none,24,9,academic,usa,4.0,"Please call Stella.  Ask her to bring these things with her from the store:  Six spoons of fresh snow peas, five thick slabs of blue cheese, and maybe a snack for her brother Bob.  We also need a small plastic snake and a big toy frog for the kids.  She can scoop these things into three red bags, and we will go meet her Wednesday at the train station.",korean88.mp3,"Please call Stella. Ask her to bring these things with her from the store. Six spoons of fresh snow peas, five thick slabs of blue cheese, and maybe a snack for her brother Bob. We also need a small plastic snake and a big toy frog for the kids. She can scoop these things into three red bags and will go with her Wednesday at the train station.",69,68,68,98.55,"please, call, stella, ask, her, to, bring, these, things, with, her, from, the, store, six, spoons, of, fresh, snow, peas, five, thick, slabs, of, blue, cheese, and, maybe, a, snack, for, her, brother, bob, we, also, need, a, small, plastic, snake, and, a, big, toy, frog, for, the, kids, she, can, scoop, these, things, into, three, red, bags, and, will, go, with, her, wednesday, at, the, train, station",,0.057971014492753624,0.13043478260869565
90,korean ,"japanese, french",35,12,academic,usa,6.8,"Please call Stella.  Ask her to bring these things with her from the store:  Six spoons of fresh snow peas, five thick slabs of blue cheese, and maybe a snack for her brother Bob.  We also need a small plastic snake and a big toy frog for the kids.  She can scoop these things into three red bags, and we will go meet her Wednesday at the train station.",korean90.mp3,"Please call Stella. Ask her to bring these things with her from the store. Six spoons of fresh snow peas, five thick slaps of blue cheese, and maybe a snack for her brother Bob. We also need a small plastic snake and a big toy frog for the kids. She can scoop these things into three red bags and we will go meet her Wednesday at the train station.",69,69,68,98.55,"please, call, stella, ask, her, to, bring, these, things, with, her, from, the, store, six, spoons, of, fresh, snow, peas, five, thick, of, blue, cheese, and, maybe, a, snack, for, her, brother, bob, we, also, need, a, small, plastic, snake, and, a, big, toy, frog, for, the, kids, she, can, scoop, these, things, into, three, red, bags, and, we, will, go, meet, her, wednesday, at, the, train, station",slaps,0.043478260869565216,0.043478260869565216
91,korean ,japanese,43,14,academic,usa,7.0,"Please call Stella.  Ask her to bring these things with her from the store:  Six spoons of fresh snow peas, five thick slabs of blue cheese, and maybe a snack for her brother Bob.  We also need a small plastic snake and a big toy frog for the kids.  She can scoop these things into three red bags, and we will go meet her Wednesday at the train station.",korean91.mp3,"Please call Stella. Ask her to bring these things with her from the store. 6 spoons of fresh snow peas, 5 thick slices of blue cheese, and maybe a snack for her brother Bob. We also need a small plastic snack and a big toy frog for the kids. She can scoop these things into three red bags and will go with her Wednesday at the train station.",69,68,65,94.2,"please, call, stella, ask, her, to, bring, these, things, with, her, from, the, store, spoons, of, fresh, snow, peas, thick, of, blue, cheese, and, maybe, a, snack, for, her, brother, bob, we, also, need, a, small, plastic, snack, and, a, big, toy, frog, for, the, kids, she, can, scoop, these, things, into, three, red, bags, and, will, go, with, her, wednesday, at, the, train, station","6, 5, slices",0.11594202898550725,0.30434782608695654
92,korean ,none,19,6,naturalistic,marianaislandusa,12.0,"Please call Stella.  Ask her to bring these things with her from the store:  Six spoons of fresh snow peas, five thick slabs of blue cheese, and maybe a snack for her brother Bob.  We also need a small plastic snake and a big toy frog for the kids.  She can scoop these things into three red bags, and we will go meet her Wednesday at the train station.",korean92.mp3,"Please call Stella, ask her to bring these things with her. From the store, 6 spoons of fresh snow peas, 5 thick slabs of blue cheese, and maybe a snack for her brother Bob. We also need a small plastic snake and a big toy frog for the kids. She can scoop these things into 3 red bags and we will go meet her Wednesday at the train station.",69,69,66,95.65,"please, call, stella, ask, her, to, bring, these, things, with, her, from, the, store, spoons, of, fresh, snow, peas, thick, slabs, of, blue, cheese, and, maybe, a, snack, for, her, brother, bob, we, also, need, a, small, plastic, snake, and, a, big, toy, frog, for, the, kids, she, can, scoop, these, things, into, red, bags, and, we, will, go, meet, her, wednesday, at, the, train, station","6, 5, 3",0.13043478260869565,0.2608695652173913
93,korean ,french,23,7,academic,usa,0.8,"Please call Stella.  Ask her to bring these things with her from the store:  Six spoons of fresh snow peas, five thick slabs of blue cheese, and maybe a snack for her brother Bob.  We also need a small plastic snake and a big toy frog for the kids.  She can scoop these things into three red bags, and we will go meet her Wednesday at the train station.",korean93.mp3,"Please call Stella, ask her to bring these things with her from the store. 6 spoons of fresh snow peas, 5 figs left, a blue cheese, and maybe a snack for her brother Bob. We also need a small plastic snack and a big toy frog for the kids. She can scoop these things into 3 red bags and he will go meet her Wednesday at the train station.",69,69,63,91.3,"please, call, stella, ask, her, to, bring, these, things, with, her, from, the, store, spoons, of, fresh, snow, peas, a, blue, cheese, and, maybe, a, snack, for, her, brother, bob, we, also, need, a, small, plastic, snack, and, a, big, toy, frog, for, the, kids, she, can, scoop, these, things, into, red, bags, and, will, go, meet, her, wednesday, at, the, train, station","6, 5, figs, left, 3, he",0.17391304347826086,0.43478260869565216
95,korean ,none,36,13,academic,usa,12.0,"Please call Stella.  Ask her to bring these things with her from the store:  Six spoons of fresh snow peas, five thick slabs of blue cheese, and maybe a snack for her brother Bob.  We also need a small plastic snake and a big toy frog for the kids.  She can scoop these things into three red bags, and we will go meet her Wednesday at the train station.",korean95.mp3,"Please call Stella, ask her to bring these things with her from the store. Six spoons of fresh snow peas, five thick slabs of blue cheese, and maybe a snack for her brother Bob. We also need a small plastic snack and a big toy, a frog for the kids. She can scoop these things into three red bags and we will go meet her Wednesday at the train station.",69,70,70,101.45,"please, call, stella, ask, her, to, bring, these, things, with, her, from, the, store, six, spoons, of, fresh, snow, peas, five, thick, slabs, of, blue, cheese, and, maybe, a, snack, for, her, brother, bob, we, also, need, a, small, plastic, snack, and, a, big, toy, a, frog, for, the, kids, she, can, scoop, these, things, into, three, red, bags, and, we, will, go, meet, her, wednesday, at, the, train, station",,0.10144927536231885,0.13043478260869565
96,korean ,mandarin,21,10,academic,usa,0.7,"Please call Stella.  Ask her to bring these things with her from the store:  Six spoons of fresh snow peas, five thick slabs of blue cheese, and maybe a snack for her brother Bob.  We also need a small plastic snake and a big toy frog for the kids.  She can scoop these things into three red bags, and we will go meet her Wednesday at the train station.",korean96.mp3,"Please call Stella. Ask her to bring these things with her from the store. 6 spoons of flesh snow peas, 5 thick slabs of blue cheese, and maybe a snack of her brother Bob. We also need a small plastic snake and a big toy frog for the kids. She can scoop these things into 3 red bags and we will go meet her Wednesday at the train station.",69,69,65,94.2,"please, call, stella, ask, her, to, bring, these, things, with, her, from, the, store, spoons, of, snow, peas, thick, slabs, of, blue, cheese, and, maybe, a, snack, of, her, brother, bob, we, also, need, a, small, plastic, snake, and, a, big, toy, frog, for, the, kids, she, can, scoop, these, things, into, red, bags, and, we, will, go, meet, her, wednesday, at, the, train, station","6, flesh, 5, 3",0.10144927536231885,0.2463768115942029
97,korean ,none,49,13,academic,usa,15.0,"Please call Stella.  Ask her to bring these things with her from the store:  Six spoons of fresh snow peas, five thick slabs of blue cheese, and maybe a snack for her brother Bob.  We also need a small plastic snake and a big toy frog for the kids.  She can scoop these things into three red bags, and we will go meet her Wednesday at the train station.",korean97.mp3,"Please call Stella. Ask her to bring these things with her from the store. Six spoons of fresh snow peas, five thick slabs of blue cheese, and maybe a snake for her brother Bob. We also need a small plastic snake and a big toy frog for the kids. She can scoop these things into three red bags and we will go meet her Wednesday at the train station.",69,69,69,100.0,"please, call, stella, ask, her, to, bring, these, things, with, her, from, the, store, six, spoons, of, fresh, snow, peas, five, thick, slabs, of, blue, cheese, and, maybe, a, snake, for, her, brother, bob, we, also, need, a, small, plastic, snake, and, a, big, toy, frog, for, the, kids, she, can, scoop, these, things, into, three, red, bags, and, we, will, go, meet, her, wednesday, at, the, train, station",,0.043478260869565216,0.057971014492753624
